rank,ticker,mentioned_posts,raw_occurrences,post_mentions,quote_mentions,reply_mentions,first_seen,last_seen,names,primary_theme,research_priority,example_url
1,NBIS,767,1012,70,165,532,2025-07-21T14:13:31.000Z,2026-09-08T14:14:13.000Z,,AI compute / memory / hyperscalers,high,https://x.com/aleabitoreddit/status/2097327653116363127
2,SIVE,659,930,147,207,305,2025-12-23T23:13:18.000Z,2026-09-09T12:16:07.000Z,,CPO / photonics / optical,high,https://x.com/aleabitoreddit/status/2097660318369697875
3,LITE,553,774,165,163,225,2025-10-25T06:17:21.000Z,2026-09-09T12:16:07.000Z,,CPO / photonics / optical,high,https://x.com/aleabitoreddit/status/2097660318369697875
4,AXTI,542,682,117,123,302,2025-12-22T09:48:57.000Z,2026-09-07T10:11:36.000Z,,CPO / photonics / optical,high,https://x.com/aleabitoreddit/status/2096904209371427277
5,NVDA,505,623,157,163,185,2025-07-28T08:19:38.000Z,2026-09-08T16:45:04.000Z,,AI compute / memory / hyperscalers,high,https://x.com/aleabitoreddit/status/2097365614402969638
6,AAOI,474,606,134,115,225,2025-12-11T22:10:45.000Z,2026-09-09T12:16:07.000Z,,CPO / photonics / optical,high,https://x.com/aleabitoreddit/status/2097660318369697875
7,IREN,457,645,53,94,310,2025-08-31T04:51:15.000Z,2026-09-06T14:23:02.000Z,,AI compute / memory / hyperscalers,high,https://x.com/aleabitoreddit/status/2096605093986787380
8,GOOGL,291,344,75,73,143,2025-07-03T09:57:16.000Z,2026-09-04T14:31:24.000Z,,AI compute / memory / hyperscalers,high,https://x.com/aleabitoreddit/status/2095882424932766163
9,MSFT,288,334,55,70,163,2025-07-28T08:19:38.000Z,2026-09-04T14:31:24.000Z,,AI compute / memory / hyperscalers,high,https://x.com/aleabitoreddit/status/2095882424932766163
10,MRVL,270,311,78,89,103,2025-08-25T20:41:48.000Z,2026-09-08T13:49:10.000Z,,AI compute / memory / hyperscalers,high,https://x.com/aleabitoreddit/status/2097321349555306512
11,META,270,309,73,72,125,2025-07-28T08:19:38.000Z,2026-08-08T18:27:18.000Z,,AI compute / memory / hyperscalers,high,https://x.com/aleabitoreddit/status/2086157318065168490
12,COHR,253,304,84,72,97,2025-12-01T17:21:19.000Z,2026-09-09T12:16:07.000Z,,CPO / photonics / optical,high,https://x.com/aleabitoreddit/status/2097660318369697875
13,AMZN,235,277,71,71,93,2025-07-28T08:19:38.000Z,2026-09-08T13:49:10.000Z,,AI compute / memory / hyperscalers,high,https://x.com/aleabitoreddit/status/2097321349555306512
14,TSM,230,270,69,77,84,2025-09-09T05:43:58.000Z,2026-09-04T10:35:17.000Z,,Western supply chain / policy funding,high,https://x.com/aleabitoreddit/status/2095823005595439615
15,MU,203,226,80,66,57,2025-09-25T16:25:58.000Z,2026-09-07T07:09:05.000Z,,AI compute / memory / hyperscalers,high,https://x.com/aleabitoreddit/status/2096858276290015563
16,CIFR,201,242,13,55,133,2025-09-03T11:31:49.000Z,2026-07-21T17:41:05.000Z,,CPO / photonics / optical,high,https://x.com/aleabitoreddit/status/2079622706572804368
17,CRWV,200,269,19,40,141,2025-07-21T14:13:31.000Z,2026-09-02T09:54:21.000Z,,CPO / photonics / optical,high,https://x.com/aleabitoreddit/status/2095087925822190023
18,SOI,193,204,58,67,68,2026-03-11T15:18:28.000Z,2026-09-07T04:14:23.000Z,,CPO / photonics / optical,high,https://x.com/aleabitoreddit/status/2096814311306129776
19,IQE,188,243,55,55,78,2026-01-18T18:38:48.000Z,2026-09-07T10:11:36.000Z,,CPO / photonics / optical,high,https://x.com/aleabitoreddit/status/2096904209371427277
20,SNDK,179,193,84,47,48,2025-11-25T11:38:18.000Z,2026-09-08T15:37:00.000Z,,CPO / photonics / optical,high,https://x.com/aleabitoreddit/status/2097348486635368686
21,HOOD,174,189,34,46,94,2025-07-02T17:28:14.000Z,2026-09-08T13:02:53.000Z,,Valuation / risk / trading behavior,high,https://x.com/aleabitoreddit/status/2097309699645546763
22,RKLB,167,185,32,45,90,2025-07-03T09:05:14.000Z,2026-08-22T14:54:25.000Z,,Valuation / risk / trading behavior,high,https://x.com/aleabitoreddit/status/2091177173789069797
23,AMD,159,188,47,56,56,2025-09-11T17:00:30.000Z,2026-09-08T05:48:47.000Z,,AI compute / memory / hyperscalers,high,https://x.com/aleabitoreddit/status/2097200456090952096
24,POET,157,213,42,40,75,2025-12-11T22:18:06.000Z,2026-08-30T09:04:08.000Z,,CPO / photonics / optical,high,https://x.com/aleabitoreddit/status/2093988125144207710
25,AVGO,151,163,54,52,45,2025-09-09T16:26:20.000Z,2026-09-04T14:31:24.000Z,,AI compute / memory / hyperscalers,high,https://x.com/aleabitoreddit/status/2095882424932766163
26,RDDT,150,164,37,35,78,2025-09-14T12:13:57.000Z,2026-08-29T17:59:37.000Z,,AI compute / memory / hyperscalers,high,https://x.com/aleabitoreddit/status/2093760498072485919
27,INTC,144,153,62,37,45,2025-09-23T20:48:49.000Z,2026-09-08T07:56:28.000Z,,AI compute / memory / hyperscalers,high,https://x.com/aleabitoreddit/status/2097232588796780856
28,HIMS,141,197,21,39,81,2025-07-07T14:02:19.000Z,2026-07-06T21:14:10.000Z,,Western supply chain / policy funding,high,https://x.com/aleabitoreddit/status/2074240512593481955
29,JBL,141,153,29,53,59,2025-12-01T18:25:47.000Z,2026-08-30T09:04:08.000Z,,CPO / photonics / optical,high,https://x.com/aleabitoreddit/status/2093988125144207710
30,TSEM,134,144,43,43,48,2026-02-11T03:05:38.000Z,2026-09-07T04:14:23.000Z,,CPO / photonics / optical,high,https://x.com/aleabitoreddit/status/2096814311306129776
31,AEHR,130,149,33,38,59,2026-01-16T07:57:59.000Z,2026-09-07T04:14:23.000Z,,CPO / photonics / optical,high,https://x.com/aleabitoreddit/status/2096814311306129776
32,ORCL,128,156,21,30,77,2025-09-10T03:25:27.000Z,2026-08-13T11:43:50.000Z,,AI compute / memory / hyperscalers,high,https://x.com/aleabitoreddit/status/2087867722784805170
33,EWY,110,127,31,46,33,2026-01-13T00:52:08.000Z,2026-09-07T04:14:23.000Z,,Power semiconductors / 800VDC,high,https://x.com/aleabitoreddit/status/2096814311306129776
34,TSLA,108,130,28,34,46,2025-08-25T20:41:48.000Z,2026-08-19T02:51:57.000Z,,AI compute / memory / hyperscalers,high,https://x.com/aleabitoreddit/status/2089908198694351064
35,CRCL,98,112,22,31,45,2025-07-03T08:52:34.000Z,2026-06-04T02:00:04.000Z,,Valuation / risk / trading behavior,high,https://x.com/aleabitoreddit/status/2062353660928278820
36,WULF,95,107,5,34,56,2025-09-03T20:38:29.000Z,2026-09-06T14:23:02.000Z,,AI compute / memory / hyperscalers,high,https://x.com/aleabitoreddit/status/2096605093986787380
37,RPI,91,105,18,34,39,2026-02-16T15:05:28.000Z,2026-09-07T04:14:23.000Z,,Western supply chain / policy funding,high,https://x.com/aleabitoreddit/status/2096814311306129776
38,MTSI,87,91,28,30,29,2026-01-10T15:48:57.000Z,2026-09-09T12:16:07.000Z,,CPO / photonics / optical,high,https://x.com/aleabitoreddit/status/2097660318369697875
39,ALAB,84,89,13,34,37,2025-07-21T08:10:50.000Z,2026-09-08T13:49:10.000Z,,AI compute / memory / hyperscalers,high,https://x.com/aleabitoreddit/status/2097321349555306512
40,SMCI,73,93,8,29,36,2025-09-09T05:13:46.000Z,2026-08-31T18:28:51.000Z,,Valuation / risk / trading behavior,high,https://x.com/aleabitoreddit/status/2094492628758999451
41,AAPL,71,74,20,15,36,2026-02-17T02:33:07.000Z,2026-09-01T08:30:14.000Z,,Power semiconductors / 800VDC,high,https://x.com/aleabitoreddit/status/2094704372831920324
42,VLN,69,87,3,7,59,2026-01-09T14:45:15.000Z,2026-04-11T22:37:19.000Z,,Power semiconductors / 800VDC,high,https://x.com/aleabitoreddit/status/2043096081060504057
43,SNAP,67,81,10,22,35,2025-08-23T11:08:15.000Z,2026-06-19T12:19:38.000Z,,AI compute / memory / hyperscalers,high,https://x.com/aleabitoreddit/status/2067945397923037693
44,GFS,61,75,17,31,13,2026-01-19T22:23:23.000Z,2026-08-30T09:04:08.000Z,,Western supply chain / policy funding,high,https://x.com/aleabitoreddit/status/2093988125144207710
45,OSS,61,70,6,14,41,2025-11-05T08:34:14.000Z,2026-05-23T16:55:31.000Z,,CPO / photonics / optical,high,https://x.com/aleabitoreddit/status/2058230354063102028
46,CRDO,60,69,10,23,27,2025-07-21T14:13:31.000Z,2026-08-30T11:40:04.000Z,,Power semiconductors / 800VDC,high,https://x.com/aleabitoreddit/status/2094027369648681284
47,LPK,59,67,20,26,13,2026-04-21T04:43:57.000Z,2026-09-07T04:14:23.000Z,,CPO / photonics / optical,high,https://x.com/aleabitoreddit/status/2096814311306129776
48,VPG,54,68,7,19,28,2026-01-20T17:28:02.000Z,2026-06-08T05:11:38.000Z,,Western supply chain / policy funding,high,https://x.com/aleabitoreddit/status/2063851425462173726
49,XLU,52,56,7,8,37,2026-02-19T18:48:04.000Z,2026-06-19T12:19:38.000Z,,CPO / photonics / optical,high,https://x.com/aleabitoreddit/status/2067945397923037693
50,PLTR,52,54,9,17,26,2025-07-28T09:51:44.000Z,2026-09-08T14:14:13.000Z,,Valuation / risk / trading behavior,high,https://x.com/aleabitoreddit/status/2097327653116363127
51,LPTH,51,60,8,9,34,2026-01-14T10:45:47.000Z,2026-04-24T03:38:13.000Z,,CPO / photonics / optical,high,https://x.com/aleabitoreddit/status/2047520460884353096
52,ARM,50,55,9,20,21,2025-09-29T02:53:26.000Z,2026-09-07T04:14:23.000Z,,Power semiconductors / 800VDC,high,https://x.com/aleabitoreddit/status/2096814311306129776
53,IBKR,50,52,8,7,35,2025-09-16T18:57:51.000Z,2026-05-20T13:10:12.000Z,,Power semiconductors / 800VDC,high,https://x.com/aleabitoreddit/status/2057086489247555851
54,BMNR,46,52,8,12,26,2025-09-14T19:09:24.000Z,2026-03-07T19:04:18.000Z,,AI compute / memory / hyperscalers,medium,https://x.com/aleabitoreddit/status/2030358901401833716
55,WYFI,45,54,3,19,23,2025-09-08T17:27:45.000Z,2026-09-02T09:54:21.000Z,,AI compute / memory / hyperscalers,medium,https://x.com/aleabitoreddit/status/2095087925822190023
56,ETOR,44,50,10,13,21,2025-08-23T11:08:15.000Z,2026-03-26T07:36:21.000Z,,AI compute / memory / hyperscalers,medium,https://x.com/aleabitoreddit/status/2037071138749087748
57,WLAC,44,48,1,18,25,2025-10-08T19:06:38.000Z,2026-03-17T01:50:44.000Z,,Power semiconductors / 800VDC,medium,https://x.com/aleabitoreddit/status/2033722672035860824
58,ALRIB,43,46,8,22,13,2026-04-08T17:21:19.000Z,2026-09-07T04:14:23.000Z,,CPO / photonics / optical,medium,https://x.com/aleabitoreddit/status/2096814311306129776
59,ETH,42,53,2,11,29,2025-09-14T12:13:57.000Z,2026-04-08T05:38:18.000Z,,Western supply chain / policy funding,medium,https://x.com/aleabitoreddit/status/2041752476542759313
60,AVAV,41,55,6,11,24,2026-01-02T15:35:30.000Z,2026-03-26T06:56:47.000Z,,Power semiconductors / 800VDC,medium,https://x.com/aleabitoreddit/status/2037061185263329434
61,MSTR,41,43,10,7,24,2025-07-02T17:35:18.000Z,2026-04-23T08:24:46.000Z,,AI compute / memory / hyperscalers,medium,https://x.com/aleabitoreddit/status/2047230186739900428
62,UPWK,40,42,3,11,26,2025-07-02T10:48:09.000Z,2026-03-20T13:22:03.000Z,,Valuation / risk / trading behavior,medium,https://x.com/aleabitoreddit/status/2034983813009539216
63,FLNC,39,41,4,21,14,2025-10-04T01:22:20.000Z,2026-06-23T15:42:09.000Z,,AI compute / memory / hyperscalers,medium,https://x.com/aleabitoreddit/status/2069445918114697463
64,LASR,36,49,7,8,21,2026-01-23T22:24:24.000Z,2026-05-25T17:49:06.000Z,,CPO / photonics / optical,medium,https://x.com/aleabitoreddit/status/2058968617681899915
65,AIRO,35,46,2,8,25,2026-01-02T12:46:56.000Z,2026-03-26T06:56:47.000Z,,CPO / photonics / optical,medium,https://x.com/aleabitoreddit/status/2037061185263329434
66,SLNH,35,39,2,14,19,2025-09-27T19:11:40.000Z,2026-06-07T10:39:16.000Z,,Power semiconductors / 800VDC,medium,https://x.com/aleabitoreddit/status/2063571485739106593
67,IBIT,35,36,4,14,17,2025-07-02T18:46:58.000Z,2026-04-24T03:38:13.000Z,,Power semiconductors / 800VDC,medium,https://x.com/aleabitoreddit/status/2047520460884353096
68,XFAB,34,56,14,14,6,2026-05-27T07:29:00.000Z,2026-09-07T04:14:23.000Z,,Power semiconductors / 800VDC,medium,https://x.com/aleabitoreddit/status/2096814311306129776
69,NVO,34,42,9,12,13,2025-08-23T10:53:56.000Z,2026-05-09T04:51:32.000Z,,AI compute / memory / hyperscalers,medium,https://x.com/aleabitoreddit/status/2052974730429501586
70,UBER,33,43,2,6,25,2025-11-24T15:51:33.000Z,2026-07-24T20:22:41.000Z,,AI compute / memory / hyperscalers,medium,https://x.com/aleabitoreddit/status/2080750537121874206
71,FLY,33,38,0,14,19,2025-10-08T15:51:03.000Z,2026-04-19T21:56:36.000Z,,AI compute / memory / hyperscalers,medium,https://x.com/aleabitoreddit/status/2045984938747646415
72,ASML,33,34,12,6,15,2025-10-06T22:29:49.000Z,2026-09-04T10:35:17.000Z,,CPO / photonics / optical,medium,https://x.com/aleabitoreddit/status/2095823005595439615
73,SPCX,33,33,23,10,0,2026-05-25T17:49:06.000Z,2026-09-06T04:26:54.000Z,,CPO / photonics / optical,medium,https://x.com/aleabitoreddit/status/2096455073580908908
74,ONDS,32,39,5,13,14,2025-09-17T21:25:57.000Z,2026-08-14T08:30:20.000Z,,CPO / photonics / optical,medium,https://x.com/aleabitoreddit/status/2088181416148562017
75,FN,32,38,11,14,7,2026-02-25T12:41:36.000Z,2026-07-06T08:25:00.000Z,,CPO / photonics / optical,medium,https://x.com/aleabitoreddit/status/2074046947434860971
76,BKKT,32,35,5,10,17,2025-07-03T08:58:10.000Z,2026-06-07T10:39:16.000Z,,Valuation / risk / trading behavior,medium,https://x.com/aleabitoreddit/status/2063571485739106593
77,AMKR,31,35,10,14,7,2025-10-19T18:21:35.000Z,2026-08-29T14:48:53.000Z,,CPO / photonics / optical,medium,https://x.com/aleabitoreddit/status/2093712497949950242
78,BULL,31,33,7,8,16,2025-07-02T17:28:14.000Z,2026-05-14T23:32:35.000Z,,Valuation / risk / trading behavior,medium,https://x.com/aleabitoreddit/status/2055068788975157672
79,COIN,31,33,11,7,13,2025-07-02T17:35:18.000Z,2026-06-04T02:00:04.000Z,,Power semiconductors / 800VDC,medium,https://x.com/aleabitoreddit/status/2062353660928278820
80,APLD,30,36,2,11,17,2025-09-17T21:25:57.000Z,2026-09-02T09:54:21.000Z,,Power semiconductors / 800VDC,medium,https://x.com/aleabitoreddit/status/2095087925822190023
81,ASTS,30,34,10,7,13,2025-09-10T13:05:13.000Z,2026-08-10T02:03:29.000Z,,AI compute / memory / hyperscalers,medium,https://x.com/aleabitoreddit/status/2086634510935118161
82,RGTI,30,34,4,13,13,2025-10-03T19:54:48.000Z,2026-09-06T14:23:02.000Z,,AI compute / memory / hyperscalers,medium,https://x.com/aleabitoreddit/status/2096605093986787380
83,CVX,30,33,5,9,16,2026-01-03T15:23:20.000Z,2026-04-24T03:38:13.000Z,,Power semiconductors / 800VDC,medium,https://x.com/aleabitoreddit/status/2047520460884353096
84,KRKNF,29,32,7,10,12,2025-10-29T05:03:08.000Z,2026-03-14T02:08:42.000Z,,Power semiconductors / 800VDC,medium,https://x.com/aleabitoreddit/status/2032640028502012293
85,HPS.A,29,30,3,17,9,2026-04-07T14:13:19.000Z,2026-09-07T04:14:23.000Z,,CPO / photonics / optical,medium,https://x.com/aleabitoreddit/status/2096814311306129776
86,TE,29,30,4,9,16,2025-10-19T23:52:22.000Z,2026-09-02T09:54:21.000Z,,AI compute / memory / hyperscalers,medium,https://x.com/aleabitoreddit/status/2095087925822190023
87,OKLO,29,29,1,12,16,2025-08-25T20:24:17.000Z,2026-09-06T14:23:02.000Z,,Western supply chain / policy funding,medium,https://x.com/aleabitoreddit/status/2096605093986787380
88,BTC,27,31,5,7,15,2025-07-02T18:46:58.000Z,2026-02-02T11:23:56.000Z,,AI compute / memory / hyperscalers,medium,https://x.com/aleabitoreddit/status/2018284243852607499
89,LTC,27,29,2,11,14,2025-09-11T16:06:46.000Z,2025-12-12T03:57:31.000Z,,AI compute / memory / hyperscalers,medium,https://x.com/aleabitoreddit/status/1999327731478331891
90,PYPL,27,27,7,7,13,2025-09-27T17:22:57.000Z,2026-05-30T08:04:27.000Z,,AI compute / memory / hyperscalers,medium,https://x.com/aleabitoreddit/status/2060633424151679287
91,BITF,25,28,0,11,14,2025-09-17T21:48:35.000Z,2025-11-22T12:31:58.000Z,,Power semiconductors / 800VDC,medium,https://x.com/aleabitoreddit/status/1992209440867783085
92,LWLG,24,24,8,6,10,2026-03-11T22:33:28.000Z,2026-05-12T11:00:26.000Z,,CPO / photonics / optical,medium,https://x.com/aleabitoreddit/status/2054154731006955852
93,SIVEF,24,24,6,12,6,2026-03-18T04:40:34.000Z,2026-08-11T20:16:01.000Z,,CPO / photonics / optical,medium,https://x.com/aleabitoreddit/status/2087271842696593764
94,AEVA,23,29,5,11,7,2026-02-09T18:24:50.000Z,2026-08-30T09:04:08.000Z,,CPO / photonics / optical,medium,https://x.com/aleabitoreddit/status/2093988125144207710
95,VIRT,23,27,2,6,15,2025-09-29T14:59:53.000Z,2026-04-12T14:30:28.000Z,,Western supply chain / policy funding,medium,https://x.com/aleabitoreddit/status/2043335950013809132
96,CCXI,23,25,15,8,0,2026-06-30T16:34:58.000Z,2026-09-07T04:14:23.000Z,,Power semiconductors / 800VDC,medium,https://x.com/aleabitoreddit/status/2096814311306129776
97,RIOT,23,25,4,7,12,2025-09-03T11:31:49.000Z,2026-09-02T09:54:21.000Z,,CPO / photonics / optical,medium,https://x.com/aleabitoreddit/status/2095087925822190023
98,MP,23,24,5,7,11,2025-09-17T21:48:35.000Z,2026-05-13T22:56:18.000Z,,Power semiconductors / 800VDC,medium,https://x.com/aleabitoreddit/status/2054697272248766580
99,UNH,23,23,4,9,10,2025-07-03T09:57:16.000Z,2026-05-30T08:04:27.000Z,,Valuation / risk / trading behavior,medium,https://x.com/aleabitoreddit/status/2060633424151679287
100,CLSK,22,26,3,8,11,2025-09-03T11:31:49.000Z,2026-09-02T09:54:21.000Z,,CPO / photonics / optical,medium,https://x.com/aleabitoreddit/status/2095087925822190023
101,GLXY,22,25,3,11,8,2025-09-27T19:50:02.000Z,2026-02-21T07:35:22.000Z,,Power semiconductors / 800VDC,medium,https://x.com/aleabitoreddit/status/2025112091967811613
102,FORM,22,23,12,3,7,2026-01-22T16:02:53.000Z,2026-08-31T05:35:30.000Z,,CPO / photonics / optical,medium,https://x.com/aleabitoreddit/status/2094298008955535500
103,GLW,22,23,10,6,6,2026-02-04T23:20:47.000Z,2026-09-09T12:16:07.000Z,,CPO / photonics / optical,medium,https://x.com/aleabitoreddit/status/2097660318369697875
104,SG,21,23,5,6,10,2025-07-03T09:57:16.000Z,2025-11-19T12:09:58.000Z,,Valuation / risk / trading behavior,medium,https://x.com/aleabitoreddit/status/1991116739577307184
105,NOK,21,21,11,4,6,2026-02-18T09:56:46.000Z,2026-06-09T11:52:27.000Z,,CPO / photonics / optical,medium,https://x.com/aleabitoreddit/status/2064314680521507114
106,SPY,21,21,7,2,12,2025-10-10T15:38:20.000Z,2026-04-08T14:01:53.000Z,,Power semiconductors / 800VDC,medium,https://x.com/aleabitoreddit/status/2041879203323297966
107,SOFI,20,20,4,6,10,2025-07-31T08:38:35.000Z,2026-04-13T01:32:44.000Z,,Power semiconductors / 800VDC,medium,https://x.com/aleabitoreddit/status/2043502616546807965
108,SSYS,19,27,1,0,18,2026-01-15T18:54:26.000Z,2026-02-03T06:10:28.000Z,,Power semiconductors / 800VDC,medium,https://x.com/aleabitoreddit/status/2018567746846601627
109,APPL,19,21,7,6,6,2025-07-28T08:19:38.000Z,2026-02-16T15:12:37.000Z,,Western supply chain / policy funding,medium,https://x.com/aleabitoreddit/status/2023415224372756782
110,DUOL,19,19,8,1,10,2025-08-23T11:08:15.000Z,2026-03-17T13:30:17.000Z,,Valuation / risk / trading behavior,medium,https://x.com/aleabitoreddit/status/2033898720027414616
111,IONQ,19,19,3,9,7,2025-08-25T20:24:17.000Z,2026-04-15T22:49:40.000Z,,AI compute / memory / hyperscalers,medium,https://x.com/aleabitoreddit/status/2044548741903094171
112,SIMO,19,19,10,5,4,2026-02-15T09:31:16.000Z,2026-09-07T04:14:23.000Z,,Power semiconductors / 800VDC,medium,https://x.com/aleabitoreddit/status/2096814311306129776
113,TSSI,18,20,3,10,5,2025-07-03T08:58:10.000Z,2026-01-02T12:46:56.000Z,,Valuation / risk / trading behavior,medium,https://x.com/aleabitoreddit/status/2007071108831338685
114,ASX,18,19,8,7,3,2026-01-24T20:46:07.000Z,2026-09-02T10:53:20.000Z,,CPO / photonics / optical,medium,https://x.com/aleabitoreddit/status/2095102771418845551
115,MARA,17,20,1,6,10,2025-07-02T17:35:18.000Z,2025-11-22T10:42:19.000Z,,CPO / photonics / optical,medium,https://x.com/aleabitoreddit/status/1992181846134968633
116,CORZ,17,19,2,5,10,2025-11-02T15:55:21.000Z,2026-09-02T09:54:21.000Z,,Power semiconductors / 800VDC,medium,https://x.com/aleabitoreddit/status/2095087925822190023
117,LULU,17,19,3,6,8,2025-09-10T04:20:50.000Z,2026-08-08T18:27:18.000Z,,AI compute / memory / hyperscalers,medium,https://x.com/aleabitoreddit/status/2086157318065168490
118,BE,17,18,8,5,4,2025-10-04T01:22:20.000Z,2026-09-02T09:54:21.000Z,,CPO / photonics / optical,medium,https://x.com/aleabitoreddit/status/2095087925822190023
119,DELL,17,18,3,5,9,2025-09-16T20:38:34.000Z,2026-09-03T17:31:40.000Z,,Power semiconductors / 800VDC,medium,https://x.com/aleabitoreddit/status/2095565402223038651
120,QBTS,17,17,0,11,6,2025-09-14T13:35:27.000Z,2026-09-06T14:23:02.000Z,,AI compute / memory / hyperscalers,medium,https://x.com/aleabitoreddit/status/2096605093986787380
121,NVTS,16,20,7,7,2,2025-09-17T21:25:57.000Z,2026-07-31T08:25:39.000Z,,Power semiconductors / 800VDC,medium,https://x.com/aleabitoreddit/status/2083106805949878330
122,DPRO,15,22,2,1,12,2025-11-19T13:29:05.000Z,2026-03-26T04:53:00.000Z,,CPO / photonics / optical,medium,https://x.com/aleabitoreddit/status/2037030031223119946
123,ALMU,15,18,1,4,10,2026-01-14T07:12:38.000Z,2026-09-03T10:34:49.000Z,,CPO / photonics / optical,medium,https://x.com/aleabitoreddit/status/2095460499769155944
124,EOSE,15,17,1,9,5,2025-09-26T02:59:13.000Z,2026-09-06T14:23:02.000Z,,Power semiconductors / 800VDC,medium,https://x.com/aleabitoreddit/status/2096605093986787380
125,GRRR,15,17,0,5,10,2025-09-18T14:47:12.000Z,2025-11-22T10:42:19.000Z,,AI compute / memory / hyperscalers,medium,https://x.com/aleabitoreddit/status/1992181846134968633
126,WOLF,15,17,6,4,5,2026-01-18T18:38:48.000Z,2026-06-15T03:21:12.000Z,,Power semiconductors / 800VDC,medium,https://x.com/aleabitoreddit/status/2066360345774764496
127,TGT,15,16,0,7,8,2025-09-18T15:39:18.000Z,2026-01-11T19:45:54.000Z,,Valuation / risk / trading behavior,medium,https://x.com/aleabitoreddit/status/2010438037193601400
128,TER,15,15,7,5,3,2026-01-22T16:02:53.000Z,2026-07-28T22:25:27.000Z,,CPO / photonics / optical,medium,https://x.com/aleabitoreddit/status/2082230983487803755
129,RTX,14,16,5,5,4,2026-01-03T09:43:52.000Z,2026-05-24T20:42:39.000Z,,CPO / photonics / optical,watchlist,https://x.com/aleabitoreddit/status/2058649903300280586
130,ONTO,14,15,7,4,3,2026-01-22T16:02:53.000Z,2026-05-10T07:30:58.000Z,,CPO / photonics / optical,watchlist,https://x.com/aleabitoreddit/status/2053377238532329611
131,ASST,14,14,3,6,5,2026-02-17T08:24:41.000Z,2026-05-19T14:36:19.000Z,,CPO / photonics / optical,watchlist,https://x.com/aleabitoreddit/status/2056745774760026410
132,SKHY,14,14,12,2,0,2026-07-17T03:16:07.000Z,2026-09-07T07:09:05.000Z,,CPO / photonics / optical,watchlist,https://x.com/aleabitoreddit/status/2096858276290015563
133,VRT,14,14,7,4,3,2025-11-20T13:58:15.000Z,2026-07-05T13:38:44.000Z,,CPO / photonics / optical,watchlist,https://x.com/aleabitoreddit/status/2073763512216899825
134,NOC,13,14,4,3,6,2025-10-18T23:27:43.000Z,2026-03-28T17:13:06.000Z,,CPO / photonics / optical,watchlist,https://x.com/aleabitoreddit/status/2037941059251277893
135,AMC,13,13,4,4,5,2025-09-10T13:05:13.000Z,2026-09-04T12:29:30.000Z,,Power semiconductors / 800VDC,watchlist,https://x.com/aleabitoreddit/status/2095851749127188691
136,HUT,13,13,5,5,3,2025-09-03T11:31:49.000Z,2026-09-01T00:37:28.000Z,,CPO / photonics / optical,watchlist,https://x.com/aleabitoreddit/status/2094585395224981709
137,SMTC,13,13,7,4,2,2026-01-22T16:02:53.000Z,2026-08-26T20:28:43.000Z,,CPO / photonics / optical,watchlist,https://x.com/aleabitoreddit/status/2092710854290764161
138,SOL,13,13,2,4,7,2025-09-12T02:29:00.000Z,2026-02-07T22:10:08.000Z,,Power semiconductors / 800VDC,watchlist,https://x.com/aleabitoreddit/status/2020258804953411966
139,PL,12,14,5,2,5,2025-07-03T09:05:14.000Z,2026-06-05T15:58:58.000Z,,AI compute / memory / hyperscalers,watchlist,https://x.com/aleabitoreddit/status/2062927167936504133
140,VECO,12,14,4,4,4,2026-01-22T16:02:53.000Z,2026-04-19T21:57:37.000Z,,CPO / photonics / optical,watchlist,https://x.com/aleabitoreddit/status/2045985194587602993
141,DJT,12,13,1,3,8,2025-07-28T08:19:39.000Z,2026-01-28T19:06:26.000Z,,Valuation / risk / trading behavior,watchlist,https://x.com/aleabitoreddit/status/2016588696133468422
142,GME,12,13,2,2,8,2025-07-03T09:57:16.000Z,2026-04-06T20:55:54.000Z,,Valuation / risk / trading behavior,watchlist,https://x.com/aleabitoreddit/status/2041258618906136658
143,TTD,12,12,2,6,4,2025-12-04T14:06:54.000Z,2026-06-19T12:19:38.000Z,,CPO / photonics / optical,watchlist,https://x.com/aleabitoreddit/status/2067945397923037693
144,CODA,11,14,6,1,4,2026-01-18T18:38:48.000Z,2026-03-13T20:17:39.000Z,,CPO / photonics / optical,watchlist,https://x.com/aleabitoreddit/status/2032551687089746239
145,AIXA,11,12,2,1,8,2026-03-13T22:20:54.000Z,2026-05-07T08:55:13.000Z,,CPO / photonics / optical,watchlist,https://x.com/aleabitoreddit/status/2052311278778188106
146,VCX,11,12,1,5,5,2026-03-25T10:54:22.000Z,2026-05-17T13:14:26.000Z,,Valuation / risk / trading behavior,watchlist,https://x.com/aleabitoreddit/status/2056000392090296524
147,VICR,11,12,3,5,3,2026-01-15T18:54:26.000Z,2026-06-09T11:52:27.000Z,,CPO / photonics / optical,watchlist,https://x.com/aleabitoreddit/status/2064314680521507114
148,AMAT,11,11,5,2,4,2026-01-13T03:25:40.000Z,2026-08-16T04:50:40.000Z,,CPO / photonics / optical,watchlist,https://x.com/aleabitoreddit/status/2088850910529323315
149,CAMT,11,11,6,2,3,2026-01-22T16:17:24.000Z,2026-06-20T03:52:23.000Z,,CPO / photonics / optical,watchlist,https://x.com/aleabitoreddit/status/2068180134667182470
150,OPEN,11,11,2,2,7,2025-07-23T06:09:14.000Z,2025-10-25T06:25:30.000Z,,AI compute / memory / hyperscalers,watchlist,https://x.com/aleabitoreddit/status/1981970353263108444
151,SHMD,11,11,1,1,9,2026-01-01T15:24:06.000Z,2026-06-07T02:07:23.000Z,,CPO / photonics / optical,watchlist,https://x.com/aleabitoreddit/status/2063442668844167613
152,DOWA,10,12,0,3,7,2025-12-28T16:38:38.000Z,2026-01-09T02:04:41.000Z,,CPO / photonics / optical,watchlist,https://x.com/aleabitoreddit/status/2009446195933139114
153,VNP,10,12,2,2,6,2026-01-26T15:14:41.000Z,2026-04-09T10:55:15.000Z,,CPO / photonics / optical,watchlist,https://x.com/aleabitoreddit/status/2042194625990123834
154,HIMX,10,11,4,4,2,2026-03-17T12:38:10.000Z,2026-07-04T18:02:28.000Z,,CPO / photonics / optical,watchlist,https://x.com/aleabitoreddit/status/2073467493998555192
155,FIG,10,10,3,1,6,2025-09-25T16:57:44.000Z,2026-05-30T04:24:41.000Z,,CPO / photonics / optical,watchlist,https://x.com/aleabitoreddit/status/2060578117320904884
156,MXL,10,10,4,3,3,2026-03-17T12:38:10.000Z,2026-08-30T06:24:05.000Z,,CPO / photonics / optical,watchlist,https://x.com/aleabitoreddit/status/2093947848580858123
157,QLCM,10,10,3,3,4,2025-10-10T22:06:04.000Z,2026-03-30T06:22:39.000Z,,CPO / photonics / optical,watchlist,https://x.com/aleabitoreddit/status/2038502143154331677
158,VST,10,10,3,2,5,2025-09-17T23:13:55.000Z,2026-02-21T14:52:45.000Z,,CPO / photonics / optical,watchlist,https://x.com/aleabitoreddit/status/2025222163251540079
159,AMSC,9,10,1,4,4,2026-04-22T19:12:29.000Z,2026-06-08T06:22:58.000Z,,CPO / photonics / optical,watchlist,https://x.com/aleabitoreddit/status/2063869376542192013
160,DGXX,9,10,0,4,5,2025-10-28T03:54:42.000Z,2025-12-02T00:00:01.000Z,,Power semiconductors / 800VDC,watchlist,https://x.com/aleabitoreddit/status/1995644085563261034
161,GDRZF,9,10,2,6,1,2026-01-04T10:18:01.000Z,2026-09-07T04:14:23.000Z,,CPO / photonics / optical,watchlist,https://x.com/aleabitoreddit/status/2096814311306129776
162,LMT,9,10,5,1,3,2026-01-04T03:40:10.000Z,2026-03-31T01:09:12.000Z,,CPO / photonics / optical,watchlist,https://x.com/aleabitoreddit/status/2038785650632397005
163,2000,9,9,2,5,2,2026-03-14T05:55:06.000Z,2026-06-17T06:40:09.000Z,,CPO / photonics / optical,watchlist,https://x.com/aleabitoreddit/status/2067135190640845161
164,CEG,9,9,3,1,5,2025-09-17T23:13:55.000Z,2026-04-09T10:27:36.000Z,,CPO / photonics / optical,watchlist,https://x.com/aleabitoreddit/status/2042187668931616964
165,KEYS,9,9,7,1,1,2026-03-17T12:38:10.000Z,2026-08-31T05:35:30.000Z,,CPO / photonics / optical,watchlist,https://x.com/aleabitoreddit/status/2094298008955535500
166,KRUS,9,9,1,3,5,2025-11-05T01:44:50.000Z,2026-05-21T03:59:21.000Z,,Power semiconductors / 800VDC,watchlist,https://x.com/aleabitoreddit/status/2057310252199301212
167,TOWA,9,9,2,4,3,2026-04-29T16:17:11.000Z,2026-06-21T03:32:21.000Z,,CPO / photonics / optical,watchlist,https://x.com/aleabitoreddit/status/2068537478131118438
168,WMT,9,9,1,3,5,2025-11-19T12:09:58.000Z,2026-02-09T03:34:42.000Z,,CPO / photonics / optical,watchlist,https://x.com/aleabitoreddit/status/2020702873458463137
169,YSS,9,9,2,3,4,2026-04-30T18:20:29.000Z,2026-06-09T07:21:45.000Z,,CPO / photonics / optical,watchlist,https://x.com/aleabitoreddit/status/2064246556690469123
170,SLV,8,15,2,3,3,2026-01-19T22:34:31.000Z,2026-01-30T21:45:18.000Z,,Western supply chain / policy funding,watchlist,https://x.com/aleabitoreddit/status/2017353453790761259
171,SMTOY,8,10,1,2,5,2025-12-26T15:08:13.000Z,2026-01-06T17:32:04.000Z,,CPO / photonics / optical,watchlist,https://x.com/aleabitoreddit/status/2008592416421601528
172,CREDO,8,9,2,4,2,2025-07-21T08:15:56.000Z,2025-09-10T12:45:27.000Z,,AI compute / memory / hyperscalers,watchlist,https://x.com/aleabitoreddit/status/1965758520265236991
173,CRM,8,9,2,2,4,2025-09-26T17:18:00.000Z,2026-06-25T14:51:04.000Z,,CPO / photonics / optical,watchlist,https://x.com/aleabitoreddit/status/2070157835137434015
174,POWI,8,9,4,3,1,2026-05-27T02:49:43.000Z,2026-07-31T08:25:39.000Z,,Power semiconductors / 800VDC,watchlist,https://x.com/aleabitoreddit/status/2083106805949878330
175,SEI,8,9,0,5,3,2025-10-07T01:38:39.000Z,2025-12-14T23:58:49.000Z,,Power semiconductors / 800VDC,watchlist,https://x.com/aleabitoreddit/status/2000354823435420024
176,SKYT,8,9,3,0,5,2026-01-02T16:55:22.000Z,2026-03-24T02:09:07.000Z,,CPO / photonics / optical,watchlist,https://x.com/aleabitoreddit/status/2036264013370368378
177,USAR,8,9,4,0,4,2026-01-26T15:14:41.000Z,2026-03-31T03:17:04.000Z,,CPO / photonics / optical,watchlist,https://x.com/aleabitoreddit/status/2038817828275642424
178,LEU,8,8,0,2,6,2026-01-18T19:25:01.000Z,2026-01-29T21:16:10.000Z,,Western supply chain / policy funding,watchlist,https://x.com/aleabitoreddit/status/2016983734407614742
179,BTBT,7,11,1,0,6,2025-09-16T20:38:34.000Z,2025-10-31T19:26:50.000Z,,Power semiconductors / 800VDC,watchlist,https://x.com/aleabitoreddit/status/1984341310070038741
180,OUST,7,10,1,3,3,2026-01-07T01:26:38.000Z,2026-07-07T19:49:55.000Z,,CPO / photonics / optical,watchlist,https://x.com/aleabitoreddit/status/2074581698604593367
181,ASHM,7,9,0,3,4,2026-01-03T15:23:20.000Z,2026-01-05T17:53:10.000Z,,Power semiconductors / 800VDC,watchlist,https://x.com/aleabitoreddit/status/2008235337643086305
182,VIAV,7,9,4,0,3,2026-03-17T12:38:10.000Z,2026-08-06T01:23:49.000Z,,CPO / photonics / optical,watchlist,https://x.com/aleabitoreddit/status/2085174977272360987
183,CLS,7,8,0,5,2,2025-10-29T05:03:08.000Z,2026-06-09T11:52:27.000Z,,Power semiconductors / 800VDC,watchlist,https://x.com/aleabitoreddit/status/2064314680521507114
184,VSH,7,8,2,3,2,2026-02-06T07:45:38.000Z,2026-09-02T09:54:21.000Z,,AI compute / memory / hyperscalers,watchlist,https://x.com/aleabitoreddit/status/2095087925822190023
185,1600,7,7,0,2,5,2025-09-13T09:44:24.000Z,2026-01-30T16:26:44.000Z,,Power semiconductors / 800VDC,watchlist,https://x.com/aleabitoreddit/status/2017273281800532479
186,DFLI,7,7,0,4,3,2025-10-08T15:51:03.000Z,2025-10-15T07:42:21.000Z,,Power semiconductors / 800VDC,watchlist,https://x.com/aleabitoreddit/status/1978365814941384882
187,FLKR,7,7,2,1,4,2026-01-13T00:52:08.000Z,2026-02-27T00:56:41.000Z,,Power semiconductors / 800VDC,watchlist,https://x.com/aleabitoreddit/status/2027186089170256147
188,KLAC,7,7,3,3,1,2026-01-22T16:02:53.000Z,2026-05-10T07:30:58.000Z,,CPO / photonics / optical,watchlist,https://x.com/aleabitoreddit/status/2053377238532329611
189,KTOS,7,7,2,1,4,2025-10-29T05:03:08.000Z,2026-01-19T23:22:50.000Z,,AI compute / memory / hyperscalers,watchlist,https://x.com/aleabitoreddit/status/2013391730410955200
190,OPTT,7,7,2,1,4,2026-01-24T19:28:50.000Z,2026-03-13T20:37:07.000Z,,Western supply chain / policy funding,watchlist,https://x.com/aleabitoreddit/status/2032556584493265238
191,QCOM,7,7,3,1,3,2026-02-12T05:17:56.000Z,2026-09-08T13:49:10.000Z,,CPO / photonics / optical,watchlist,https://x.com/aleabitoreddit/status/2097321349555306512
192,RR,7,7,0,6,1,2025-09-30T06:59:06.000Z,2026-05-12T23:00:30.000Z,,Power semiconductors / 800VDC,watchlist,https://x.com/aleabitoreddit/status/2054335940026573222
193,SLOIF,7,7,3,2,2,2026-03-01T20:20:10.000Z,2026-03-18T10:16:13.000Z,,CPO / photonics / optical,watchlist,https://x.com/aleabitoreddit/status/2034212267487793348
194,UAVS,7,7,1,1,5,2026-01-14T10:48:07.000Z,2026-03-08T19:40:48.000Z,,CPO / photonics / optical,watchlist,https://x.com/aleabitoreddit/status/2030730472104530191
195,WDC,7,7,6,0,1,2026-02-15T06:55:33.000Z,2026-04-03T02:35:36.000Z,,Power semiconductors / 800VDC,watchlist,https://x.com/aleabitoreddit/status/2039894556871913726
196,CPSH,6,13,2,2,2,2026-01-18T18:38:48.000Z,2026-02-21T07:35:22.000Z,,CPO / photonics / optical,watchlist,https://x.com/aleabitoreddit/status/2025112091967811613
197,BA,6,10,1,3,2,2026-01-03T09:43:52.000Z,2026-03-24T03:51:08.000Z,,CPO / photonics / optical,watchlist,https://x.com/aleabitoreddit/status/2036289688227684729
198,AMBA,6,7,1,3,2,2026-01-15T18:54:26.000Z,2026-05-12T23:00:30.000Z,,CPO / photonics / optical,watchlist,https://x.com/aleabitoreddit/status/2054335940026573222
199,MPWR,6,7,1,4,1,2025-12-01T17:21:19.000Z,2026-02-12T03:08:09.000Z,,CPO / photonics / optical,watchlist,https://x.com/aleabitoreddit/status/2021783355076026581
200,ABAT,6,6,0,1,5,2025-09-18T18:18:04.000Z,2025-10-29T17:39:00.000Z,,Western supply chain / policy funding,watchlist,https://x.com/aleabitoreddit/status/1983589396545990988
201,APH,6,6,4,1,1,2026-01-23T22:49:34.000Z,2026-05-30T21:19:37.000Z,,CPO / photonics / optical,watchlist,https://x.com/aleabitoreddit/status/2060833534814867479
202,CBRS,6,6,2,3,1,2026-05-14T23:26:05.000Z,2026-06-30T14:17:18.000Z,,CPO / photonics / optical,watchlist,https://x.com/aleabitoreddit/status/2071961279380791729
203,CIEN,6,6,3,0,3,2026-01-06T11:41:33.000Z,2026-04-08T04:23:07.000Z,,CPO / photonics / optical,watchlist,https://x.com/aleabitoreddit/status/2041733553642467583
204,CSCO,6,6,4,0,2,2026-01-01T12:50:48.000Z,2026-04-05T17:42:59.000Z,,CPO / photonics / optical,watchlist,https://x.com/aleabitoreddit/status/2040847684496675027
205,ETN,6,6,5,1,0,2026-02-07T10:53:42.000Z,2026-07-05T13:38:44.000Z,,CPO / photonics / optical,watchlist,https://x.com/aleabitoreddit/status/2073763512216899825
206,HIVE,6,6,1,2,3,2025-09-28T04:03:16.000Z,2026-09-02T09:54:21.000Z,,Power semiconductors / 800VDC,watchlist,https://x.com/aleabitoreddit/status/2095087925822190023
207,JPM,6,6,4,1,1,2025-12-22T14:17:29.000Z,2026-04-30T17:35:52.000Z,,Power semiconductors / 800VDC,watchlist,https://x.com/aleabitoreddit/status/2049905588197568560
208,MOD,6,6,1,4,1,2025-12-01T17:21:19.000Z,2026-08-30T11:40:04.000Z,,CPO / photonics / optical,watchlist,https://x.com/aleabitoreddit/status/2094027369648681284
209,NET,6,6,1,4,1,2025-10-13T15:51:02.000Z,2026-02-27T14:40:21.000Z,,Power semiconductors / 800VDC,watchlist,https://x.com/aleabitoreddit/status/2027393372953174177
210,PINS,6,6,4,0,2,2025-12-31T19:30:17.000Z,2026-03-27T00:07:43.000Z,,Power semiconductors / 800VDC,watchlist,https://x.com/aleabitoreddit/status/2037320624746729756
211,SPRB,6,6,0,3,3,2025-10-06T20:19:12.000Z,2025-10-08T15:59:18.000Z,,AI compute / memory / hyperscalers,watchlist,https://x.com/aleabitoreddit/status/1975954160949551426
212,UAMY,6,6,2,0,4,2025-10-18T23:39:59.000Z,2026-01-29T15:51:01.000Z,,Western supply chain / policy funding,watchlist,https://x.com/aleabitoreddit/status/2016901907676278904
213,UMAC,6,6,2,2,2,2026-01-08T14:52:42.000Z,2026-08-14T08:30:20.000Z,,CPO / photonics / optical,watchlist,https://x.com/aleabitoreddit/status/2088181416148562017
214,VLO,5,7,1,2,2,2026-01-03T09:43:52.000Z,2026-01-06T06:28:17.000Z,,Power semiconductors / 800VDC,watchlist,https://x.com/aleabitoreddit/status/2008425368966062263
215,POWL,5,6,1,4,0,2026-04-09T10:27:36.000Z,2026-04-26T17:09:03.000Z,,CPO / photonics / optical,watchlist,https://x.com/aleabitoreddit/status/2048449289152778686
216,STM,5,6,4,1,0,2026-02-07T13:44:23.000Z,2026-09-02T09:54:21.000Z,,CPO / photonics / optical,watchlist,https://x.com/aleabitoreddit/status/2095087925822190023
217,VELO,5,6,2,0,3,2026-01-23T21:54:56.000Z,2026-04-04T13:56:39.000Z,,CPO / photonics / optical,watchlist,https://x.com/aleabitoreddit/status/2040428338213507531
218,XLE,5,6,2,1,2,2026-02-19T03:23:19.000Z,2026-02-28T15:24:10.000Z,,CPO / photonics / optical,watchlist,https://x.com/aleabitoreddit/status/2027766785362301395
219,XPEV,5,6,2,1,2,2025-12-22T06:12:11.000Z,2026-08-24T11:35:16.000Z,,Power semiconductors / 800VDC,watchlist,https://x.com/aleabitoreddit/status/2091851831718879660
220,1000,5,5,1,3,1,2025-10-08T07:19:34.000Z,2026-08-27T05:46:04.000Z,,CPO / photonics / optical,watchlist,https://x.com/aleabitoreddit/status/2092851118233764178
221,ACMR,5,5,2,1,2,2026-01-13T03:25:40.000Z,2026-06-20T03:52:23.000Z,,CPO / photonics / optical,watchlist,https://x.com/aleabitoreddit/status/2068180134667182470
222,ADBE,5,5,1,1,3,2025-09-10T12:00:51.000Z,2026-03-17T01:43:40.000Z,,CPO / photonics / optical,watchlist,https://x.com/aleabitoreddit/status/2033720895731339435
223,BABA,5,5,2,1,2,2025-09-16T17:53:58.000Z,2026-06-25T00:20:02.000Z,,Power semiconductors / 800VDC,watchlist,https://x.com/aleabitoreddit/status/2069938631817699588
224,BIRD,5,5,2,1,2,2026-04-15T16:16:14.000Z,2026-04-21T18:59:55.000Z,,CPO / photonics / optical,watchlist,https://x.com/aleabitoreddit/status/2046665249001210173
225,DKNG,5,5,1,2,2,2025-10-10T18:04:04.000Z,2025-10-15T06:35:13.000Z,,AI compute / memory / hyperscalers,watchlist,https://x.com/aleabitoreddit/status/1978348921165402239
226,DRAM,5,5,2,2,1,2026-04-03T02:35:36.000Z,2026-06-23T15:42:09.000Z,,CPO / photonics / optical,watchlist,https://x.com/aleabitoreddit/status/2069445918114697463
227,FISV,5,5,2,2,1,2025-11-18T17:19:47.000Z,2026-05-09T04:51:32.000Z,,CPO / photonics / optical,watchlist,https://x.com/aleabitoreddit/status/2052974730429501586
228,GRAB,5,5,0,4,1,2025-09-24T23:11:56.000Z,2025-10-15T07:42:21.000Z,,Power semiconductors / 800VDC,watchlist,https://x.com/aleabitoreddit/status/1978365814941384882
229,KORU,5,5,1,1,3,2026-02-03T02:15:56.000Z,2026-06-23T15:42:09.000Z,,Power semiconductors / 800VDC,watchlist,https://x.com/aleabitoreddit/status/2069445918114697463
230,LGN,5,5,0,2,3,2025-10-29T17:39:00.000Z,2025-12-14T23:58:49.000Z,,Western supply chain / policy funding,watchlist,https://x.com/aleabitoreddit/status/2000354823435420024
231,LPKFF,5,5,2,1,2,2026-01-18T18:38:48.000Z,2026-04-30T15:40:39.000Z,,CPO / photonics / optical,watchlist,https://x.com/aleabitoreddit/status/2049876593674440706
232,LRCX,5,5,2,0,3,2026-01-13T03:25:40.000Z,2026-05-10T07:30:58.000Z,,CPO / photonics / optical,watchlist,https://x.com/aleabitoreddit/status/2053377238532329611
233,QQQ,5,5,2,1,2,2025-09-25T16:57:44.000Z,2026-08-31T20:01:46.000Z,,CPO / photonics / optical,watchlist,https://x.com/aleabitoreddit/status/2094516012557427002
234,RCAT,5,5,1,0,4,2026-01-14T07:04:05.000Z,2026-08-14T08:30:20.000Z,,CPO / photonics / optical,watchlist,https://x.com/aleabitoreddit/status/2088181416148562017
235,RMBS,5,5,0,2,3,2025-12-14T23:58:49.000Z,2026-02-16T13:02:40.000Z,,CPO / photonics / optical,watchlist,https://x.com/aleabitoreddit/status/2023382523745829083
236,STX,5,5,3,1,1,2025-11-25T11:38:18.000Z,2026-02-16T09:09:30.000Z,,AI compute / memory / hyperscalers,watchlist,https://x.com/aleabitoreddit/status/2023323844346618010
237,U,5,5,2,1,2,2026-02-09T18:24:50.000Z,2026-02-27T14:40:21.000Z,,Power semiconductors / 800VDC,watchlist,https://x.com/aleabitoreddit/status/2027393372953174177
238,HII,4,8,0,4,0,2026-01-03T09:43:52.000Z,2026-03-10T19:48:32.000Z,,Power semiconductors / 800VDC,low,https://x.com/aleabitoreddit/status/2031457195091759114
239,INFQ,4,7,2,1,1,2026-02-18T14:54:07.000Z,2026-03-19T00:10:35.000Z,,CPO / photonics / optical,low,https://x.com/aleabitoreddit/status/2034422243594530857
240,RBRK,4,6,0,4,0,2025-10-11T18:32:44.000Z,2025-10-19T18:21:35.000Z,,Power semiconductors / 800VDC,low,https://x.com/aleabitoreddit/status/1979976235825635419
241,TRGP,4,6,0,3,1,2026-01-03T16:02:08.000Z,2026-01-05T17:53:10.000Z,,Power semiconductors / 800VDC,low,https://x.com/aleabitoreddit/status/2008235337643086305
242,ATOM,4,5,1,1,2,2026-03-07T15:55:01.000Z,2026-05-12T23:00:30.000Z,,Western supply chain / policy funding,low,https://x.com/aleabitoreddit/status/2054335940026573222
243,BOT,4,5,1,3,0,2026-05-12T23:00:30.000Z,2026-05-20T02:52:11.000Z,,Power semiconductors / 800VDC,low,https://x.com/aleabitoreddit/status/2056930958276985055
244,KLIC,4,5,3,1,0,2026-02-24T17:02:29.000Z,2026-08-29T14:48:53.000Z,,CPO / photonics / optical,low,https://x.com/aleabitoreddit/status/2093712497949950242
245,MRAM,4,5,1,1,2,2026-01-22T16:16:45.000Z,2026-05-12T23:00:30.000Z,,AI compute / memory / hyperscalers,low,https://x.com/aleabitoreddit/status/2054335940026573222
246,PLPC,4,5,1,2,1,2026-04-22T19:12:29.000Z,2026-05-05T22:48:16.000Z,,CPO / photonics / optical,low,https://x.com/aleabitoreddit/status/2051796147031949708
247,AMSL,4,4,1,0,3,2025-10-16T23:23:56.000Z,2026-04-30T01:00:27.000Z,,CPO / photonics / optical,low,https://x.com/aleabitoreddit/status/2049655082250314014
248,APP,4,4,2,0,2,2025-09-08T16:08:23.000Z,2026-02-13T00:36:35.000Z,,Valuation / risk / trading behavior,low,https://x.com/aleabitoreddit/status/2022107598821187815
249,ASPI,4,4,1,2,1,2026-01-28T19:13:35.000Z,2026-05-31T14:30:59.000Z,,Western supply chain / policy funding,low,https://x.com/aleabitoreddit/status/2061093085568966664
250,BESI,4,4,2,1,1,2026-01-24T20:46:07.000Z,2026-03-20T08:56:10.000Z,,CPO / photonics / optical,low,https://x.com/aleabitoreddit/status/2034916899021365725
251,BKSY,4,4,2,1,1,2025-07-03T08:58:10.000Z,2026-03-24T06:29:34.000Z,,CPO / photonics / optical,low,https://x.com/aleabitoreddit/status/2036329557444403424
252,BZAI,4,4,0,3,1,2025-10-15T07:42:21.000Z,2026-04-11T22:37:19.000Z,,Power semiconductors / 800VDC,low,https://x.com/aleabitoreddit/status/2043096081060504057
253,CDNS,4,4,3,1,0,2025-10-10T22:06:04.000Z,2026-05-13T22:53:50.000Z,,CPO / photonics / optical,low,https://x.com/aleabitoreddit/status/2054696650539688271
254,COPX,4,4,2,1,1,2026-01-24T16:16:57.000Z,2026-03-14T21:20:07.000Z,,CPO / photonics / optical,low,https://x.com/aleabitoreddit/status/2032929794275553400
255,ERIC,4,4,1,3,0,2026-03-24T03:51:08.000Z,2026-05-05T07:36:24.000Z,,CPO / photonics / optical,low,https://x.com/aleabitoreddit/status/2051566667009073315
256,FI,4,4,0,1,3,2025-10-29T13:22:58.000Z,2025-11-01T12:33:52.000Z,,Power semiconductors / 800VDC,low,https://x.com/aleabitoreddit/status/1984599773094265248
257,GLD,4,4,0,2,2,2025-10-16T22:45:51.000Z,2026-03-28T15:32:25.000Z,,CPO / photonics / optical,low,https://x.com/aleabitoreddit/status/2037915721435587028
258,JD,4,4,1,1,2,2025-09-16T17:53:58.000Z,2026-07-04T21:44:39.000Z,,Western supply chain / policy funding,low,https://x.com/aleabitoreddit/status/2073523410643366242
259,KOSPI,4,4,4,0,0,2026-02-27T00:51:21.000Z,2026-06-23T04:10:58.000Z,,Power semiconductors / 800VDC,low,https://x.com/aleabitoreddit/status/2069271973402931511
260,LAC,4,4,2,0,2,2025-09-23T20:48:49.000Z,2026-01-26T15:14:41.000Z,,Western supply chain / policy funding,low,https://x.com/aleabitoreddit/status/2015805598265479518
261,MTRN,4,4,2,0,2,2026-01-18T18:38:48.000Z,2026-03-23T07:37:02.000Z,,CPO / photonics / optical,low,https://x.com/aleabitoreddit/status/2035984148159164870
262,NEE,4,4,2,1,1,2025-10-08T15:02:42.000Z,2026-04-09T10:27:36.000Z,,CPO / photonics / optical,low,https://x.com/aleabitoreddit/status/2042187668931616964
263,NEO,4,4,1,2,1,2026-03-23T07:37:02.000Z,2026-05-12T23:00:30.000Z,,CPO / photonics / optical,low,https://x.com/aleabitoreddit/status/2054335940026573222
264,NKE,4,4,3,0,1,2025-10-10T22:06:04.000Z,2026-04-23T19:21:14.000Z,,Valuation / risk / trading behavior,low,https://x.com/aleabitoreddit/status/2047395389742174406
265,NUAI,4,4,0,0,4,2025-09-26T04:29:20.000Z,2025-10-30T13:27:44.000Z,,Valuation / risk / trading behavior,low,https://x.com/aleabitoreddit/status/1983888553026441260
266,OI,4,4,0,2,2,2026-01-04T03:06:30.000Z,2026-01-04T14:37:56.000Z,,Power semiconductors / 800VDC,low,https://x.com/aleabitoreddit/status/2007823817889263721
267,ON,4,4,1,3,0,2026-02-07T10:53:42.000Z,2026-06-08T06:22:58.000Z,,Power semiconductors / 800VDC,low,https://x.com/aleabitoreddit/status/2063869376542192013
268,PLAB,4,4,1,3,0,2026-01-18T18:38:48.000Z,2026-04-11T22:37:19.000Z,,CPO / photonics / optical,low,https://x.com/aleabitoreddit/status/2043096081060504057
269,PSTG,4,4,3,0,1,2026-02-15T07:02:57.000Z,2026-02-16T09:09:30.000Z,,AI compute / memory / hyperscalers,low,https://x.com/aleabitoreddit/status/2023323844346618010
270,SHAZ,4,4,4,0,0,2026-07-05T09:45:22.000Z,2026-09-02T09:54:21.000Z,,AI compute / memory / hyperscalers,low,https://x.com/aleabitoreddit/status/2095087925822190023
271,SPOT,4,4,2,0,2,2025-07-28T08:19:38.000Z,2026-02-27T15:44:12.000Z,,Power semiconductors / 800VDC,low,https://x.com/aleabitoreddit/status/2027409439536619726
272,TTMI,4,4,1,2,1,2025-12-01T17:21:19.000Z,2026-07-20T06:22:41.000Z,,CPO / photonics / optical,low,https://x.com/aleabitoreddit/status/2079089592385610023
273,V,4,4,3,0,1,2026-01-01T12:50:48.000Z,2026-03-19T09:43:35.000Z,,CPO / photonics / optical,low,https://x.com/aleabitoreddit/status/2034566446479822962
274,WEN,4,4,1,2,1,2025-11-02T17:25:30.000Z,2026-06-25T16:55:54.000Z,,CPO / photonics / optical,low,https://x.com/aleabitoreddit/status/2070189253573890167
275,XOM,4,4,3,1,0,2026-01-04T03:06:30.000Z,2026-03-22T03:02:15.000Z,,Power semiconductors / 800VDC,low,https://x.com/aleabitoreddit/status/2035552610078572849
276,GHM,3,5,1,1,1,2026-01-03T15:23:20.000Z,2026-01-18T18:38:48.000Z,,CPO / photonics / optical,low,https://x.com/aleabitoreddit/status/2012957864026087525
277,GRZ.V,3,5,0,1,2,2026-01-04T03:06:30.000Z,2026-01-04T05:15:22.000Z,,Power semiconductors / 800VDC,low,https://x.com/aleabitoreddit/status/2007682243276443931
278,OPAD,3,5,1,1,1,2025-09-18T06:11:11.000Z,2025-10-18T23:07:47.000Z,,AI compute / memory / hyperscalers,low,https://x.com/aleabitoreddit/status/1979685872800010548
279,P4O,3,5,0,2,1,2026-03-25T16:18:25.000Z,2026-03-26T08:57:35.000Z,,AI compute / memory / hyperscalers,low,https://x.com/aleabitoreddit/status/2037091584563691858
280,SYSS,3,5,0,1,2,2026-01-15T21:29:41.000Z,2026-01-16T08:16:18.000Z,,Power semiconductors / 800VDC,low,https://x.com/aleabitoreddit/status/2012076432122630269
281,TEM,3,5,1,0,2,2025-09-26T07:24:43.000Z,2026-03-29T15:44:36.000Z,,CPO / photonics / optical,low,https://x.com/aleabitoreddit/status/2038281177124245842
282,ACLS,3,4,1,1,1,2026-01-22T16:02:53.000Z,2026-03-24T02:09:07.000Z,,CPO / photonics / optical,low,https://x.com/aleabitoreddit/status/2036264013370368378
283,AXT,3,4,0,2,1,2026-01-12T10:55:59.000Z,2026-04-30T22:54:53.000Z,,CPO / photonics / optical,low,https://x.com/aleabitoreddit/status/2049985874193195425
284,CF,3,4,0,2,1,2026-01-03T09:43:52.000Z,2026-01-04T10:18:01.000Z,,Power semiconductors / 800VDC,low,https://x.com/aleabitoreddit/status/2007758407948788162
285,FCX,3,4,2,0,1,2026-01-23T22:49:34.000Z,2026-03-23T07:37:02.000Z,,CPO / photonics / optical,low,https://x.com/aleabitoreddit/status/2035984148159164870
286,JETS,3,4,0,2,1,2026-03-09T15:55:02.000Z,2026-03-22T13:24:17.000Z,,Power semiconductors / 800VDC,low,https://x.com/aleabitoreddit/status/2035709150756511987
287,KSPI,3,4,2,0,1,2025-07-31T08:38:35.000Z,2025-10-02T19:10:25.000Z,,Valuation / risk / trading behavior,low,https://x.com/aleabitoreddit/status/1973827931681312801
288,NFLX,3,4,1,1,1,2025-12-10T20:06:31.000Z,2026-02-27T14:40:21.000Z,,Power semiconductors / 800VDC,low,https://x.com/aleabitoreddit/status/2027393372953174177
289,PATH,3,4,1,0,2,2025-09-30T19:17:39.000Z,2026-01-01T12:50:48.000Z,,CPO / photonics / optical,low,https://x.com/aleabitoreddit/status/2006709693012467774
290,PDYN,3,4,0,0,3,2026-01-16T08:23:25.000Z,2026-01-24T18:19:59.000Z,,CPO / photonics / optical,low,https://x.com/aleabitoreddit/status/2015127456446087428
291,AA,3,3,3,0,0,2026-01-26T15:14:41.000Z,2026-09-01T18:26:55.000Z,,Western supply chain / policy funding,low,https://x.com/aleabitoreddit/status/2094854529967862140
292,AAL,3,3,0,1,2,2025-09-27T18:08:37.000Z,2026-03-09T16:27:53.000Z,,Power semiconductors / 800VDC,low,https://x.com/aleabitoreddit/status/2031044312289660956
293,ALM,3,3,1,1,1,2026-01-26T15:14:41.000Z,2026-04-04T18:42:01.000Z,,Western supply chain / policy funding,low,https://x.com/aleabitoreddit/status/2040500149877891563
294,ANET,3,3,2,1,0,2025-12-01T17:21:19.000Z,2026-02-04T22:48:03.000Z,,CPO / photonics / optical,low,https://x.com/aleabitoreddit/status/2019181182026686661
295,AOSL,3,3,1,1,1,2026-04-22T18:37:22.000Z,2026-06-26T00:34:45.000Z,,Power semiconductors / 800VDC,low,https://x.com/aleabitoreddit/status/2070304723262210194
296,ARKK,3,3,1,0,2,2026-03-14T21:28:08.000Z,2026-03-22T03:02:15.000Z,,CPO / photonics / optical,low,https://x.com/aleabitoreddit/status/2035552610078572849
297,ASE,3,3,2,0,1,2026-04-05T17:24:11.000Z,2026-04-26T17:54:34.000Z,,CPO / photonics / optical,low,https://x.com/aleabitoreddit/status/2048460743365083320
298,ATEYY,3,3,3,0,0,2026-04-05T17:24:11.000Z,2026-04-20T18:57:12.000Z,,CPO / photonics / optical,low,https://x.com/aleabitoreddit/status/2046302180001673341
299,AXIA,3,3,0,1,2,2026-03-18T18:48:20.000Z,2026-04-08T14:42:02.000Z,,CPO / photonics / optical,low,https://x.com/aleabitoreddit/status/2041889308416839808
300,BBW,3,3,0,1,2,2026-01-25T19:24:36.000Z,2026-01-25T19:45:52.000Z,,AI compute / memory / hyperscalers,low,https://x.com/aleabitoreddit/status/2015511455899197713
301,BESIY,3,3,1,1,1,2026-02-07T10:53:42.000Z,2026-03-13T22:34:07.000Z,,CPO / photonics / optical,low,https://x.com/aleabitoreddit/status/2032586030059237713
302,BOA,3,3,2,1,0,2026-01-01T12:50:48.000Z,2026-05-08T09:18:44.000Z,,CPO / photonics / optical,low,https://x.com/aleabitoreddit/status/2052679583892426925
303,BYD,3,3,0,0,3,2025-09-24T16:42:54.000Z,2026-01-17T13:33:01.000Z,,Western supply chain / policy funding,low,https://x.com/aleabitoreddit/status/2012518524087144515
304,COST,3,3,1,1,1,2026-02-19T03:26:05.000Z,2026-09-08T15:37:00.000Z,,CPO / photonics / optical,low,https://x.com/aleabitoreddit/status/2097348486635368686
305,CRWD,3,3,1,1,1,2025-10-13T15:51:02.000Z,2026-02-21T09:35:54.000Z,,CPO / photonics / optical,low,https://x.com/aleabitoreddit/status/2025142428177760459
306,CXMT,3,3,2,1,0,2026-07-26T20:12:11.000Z,2026-09-01T08:30:14.000Z,,CPO / photonics / optical,low,https://x.com/aleabitoreddit/status/2094704372831920324
307,EBAY,3,3,3,0,0,2026-02-16T09:05:50.000Z,2026-02-16T09:09:30.000Z,,AI compute / memory / hyperscalers,low,https://x.com/aleabitoreddit/status/2023323844346618010
308,EOS.AX,3,3,0,2,1,2026-04-03T03:21:21.000Z,2026-04-11T22:37:19.000Z,,Power semiconductors / 800VDC,low,https://x.com/aleabitoreddit/status/2043096081060504057
309,EQR.AX,3,3,0,2,1,2026-04-03T03:21:21.000Z,2026-04-11T22:37:19.000Z,,Western supply chain / policy funding,low,https://x.com/aleabitoreddit/status/2043096081060504057
310,ESLT,3,3,1,0,2,2026-03-02T13:25:41.000Z,2026-03-10T20:16:08.000Z,,Other / unclassified,low,https://x.com/aleabitoreddit/status/2031464140028654077
311,GD,3,3,0,1,2,2026-03-10T19:48:32.000Z,2026-03-10T22:27:11.000Z,,Western supply chain / policy funding,low,https://x.com/aleabitoreddit/status/2031497121468383529
312,GM,3,3,1,1,1,2025-11-25T15:06:49.000Z,2026-07-05T20:32:55.000Z,,Power semiconductors / 800VDC,low,https://x.com/aleabitoreddit/status/2073867745243127973
313,HY9H,3,3,0,1,2,2026-01-25T22:26:18.000Z,2026-02-03T02:06:19.000Z,,Power semiconductors / 800VDC,low,https://x.com/aleabitoreddit/status/2018506303736569942
314,IFNNY,3,3,1,2,0,2026-02-07T10:53:42.000Z,2026-06-08T06:22:58.000Z,,CPO / photonics / optical,low,https://x.com/aleabitoreddit/status/2063869376542192013
315,KLA,3,3,1,2,0,2026-05-01T06:02:46.000Z,2026-09-04T10:35:17.000Z,,CPO / photonics / optical,low,https://x.com/aleabitoreddit/status/2095823005595439615
316,LNG,3,3,0,1,2,2026-03-04T08:15:11.000Z,2026-03-28T17:26:42.000Z,,Other / unclassified,low,https://x.com/aleabitoreddit/status/2037944481199358169
317,LSCC,3,3,0,3,0,2026-01-10T15:48:57.000Z,2026-05-12T23:00:30.000Z,,Power semiconductors / 800VDC,low,https://x.com/aleabitoreddit/status/2054335940026573222
318,LUNR,3,3,0,0,3,2025-09-24T16:09:44.000Z,2026-03-04T19:01:12.000Z,,Power semiconductors / 800VDC,low,https://x.com/aleabitoreddit/status/2029270954715824141
319,MELI,3,3,1,2,0,2026-02-02T04:49:49.000Z,2026-07-04T21:44:39.000Z,,Western supply chain / policy funding,low,https://x.com/aleabitoreddit/status/2073523410643366242
320,MIND,3,3,1,1,1,2026-03-10T19:48:32.000Z,2026-03-10T20:28:00.000Z,,Western supply chain / policy funding,low,https://x.com/aleabitoreddit/status/2031467126855545005
321,MOG.A,3,3,0,2,1,2026-01-15T18:54:26.000Z,2026-04-24T03:38:13.000Z,,CPO / photonics / optical,low,https://x.com/aleabitoreddit/status/2047520460884353096
322,MQ,3,3,0,0,3,2025-10-30T17:47:31.000Z,2025-11-05T21:55:21.000Z,,Other / unclassified,low,https://x.com/aleabitoreddit/status/1986190626342445125
323,NFE,3,3,0,1,2,2025-09-17T23:13:55.000Z,2025-09-26T02:59:13.000Z,,Other / unclassified,low,https://x.com/aleabitoreddit/status/1971409193543532715
324,NKLR,3,3,0,2,1,2025-10-15T07:42:21.000Z,2025-10-18T23:13:37.000Z,,Power semiconductors / 800VDC,low,https://x.com/aleabitoreddit/status/1979687339522990150
325,NTAP,3,3,3,0,0,2026-02-16T09:05:50.000Z,2026-02-16T09:09:30.000Z,,AI compute / memory / hyperscalers,low,https://x.com/aleabitoreddit/status/2023323844346618010
326,NVT,3,3,1,1,1,2025-11-20T13:58:15.000Z,2026-08-30T11:40:04.000Z,,CPO / photonics / optical,low,https://x.com/aleabitoreddit/status/2094027369648681284
327,OSCR,3,3,1,1,1,2025-07-02T20:38:45.000Z,2025-09-19T21:35:29.000Z,,Other / unclassified,low,https://x.com/aleabitoreddit/status/1969153398034366747
328,RDW,3,3,2,0,1,2025-07-03T09:05:14.000Z,2026-02-13T00:36:35.000Z,,CPO / photonics / optical,low,https://x.com/aleabitoreddit/status/2022107598821187815
329,RKT,3,3,2,0,1,2025-07-23T05:53:22.000Z,2025-09-18T06:11:11.000Z,,Valuation / risk / trading behavior,low,https://x.com/aleabitoreddit/status/1968558402344292701
330,RVI,3,3,1,1,1,2026-02-18T02:16:13.000Z,2026-03-08T19:40:48.000Z,,Power semiconductors / 800VDC,low,https://x.com/aleabitoreddit/status/2030730472104530191
331,SHOP,3,3,0,3,0,2025-11-17T16:12:21.000Z,2025-12-05T20:06:56.000Z,,AI compute / memory / hyperscalers,low,https://x.com/aleabitoreddit/status/1997034977524121633
332,TDY,3,3,1,2,0,2026-01-18T18:38:48.000Z,2026-03-25T16:18:25.000Z,,CPO / photonics / optical,low,https://x.com/aleabitoreddit/status/2036840136730935736
333,TEL,3,3,2,0,1,2026-01-23T22:49:34.000Z,2026-03-20T08:56:10.000Z,,CPO / photonics / optical,low,https://x.com/aleabitoreddit/status/2034916899021365725
334,UMC,3,3,3,0,0,2026-03-17T12:38:10.000Z,2026-04-18T18:10:59.000Z,,CPO / photonics / optical,low,https://x.com/aleabitoreddit/status/2045565771234021468
335,USDC,3,3,0,0,3,2025-12-21T08:49:38.000Z,2026-01-02T14:42:02.000Z,,Power semiconductors / 800VDC,low,https://x.com/aleabitoreddit/status/2007100073252098393
336,VIX,3,3,1,1,1,2025-10-01T00:49:43.000Z,2026-02-07T22:10:08.000Z,,CPO / photonics / optical,low,https://x.com/aleabitoreddit/status/2020258804953411966
337,XRP,3,3,1,0,2,2025-09-12T02:29:00.000Z,2026-01-01T12:50:48.000Z,,CPO / photonics / optical,low,https://x.com/aleabitoreddit/status/2006709693012467774
338,PAYP,2,4,1,0,1,2026-03-13T05:53:16.000Z,2026-03-13T06:08:42.000Z,,Western supply chain / policy funding,low,https://x.com/aleabitoreddit/status/2032338040925065431
339,ALPD,2,3,0,0,2,2025-11-19T18:32:00.000Z,2025-12-11T02:09:05.000Z,,AI compute / memory / hyperscalers,low,https://x.com/aleabitoreddit/status/1998938055798059484
340,ENAFF,2,3,0,2,0,2026-04-03T03:21:21.000Z,2026-04-11T22:37:19.000Z,,Western supply chain / policy funding,low,https://x.com/aleabitoreddit/status/2043096081060504057
341,LCID,2,3,1,1,0,2026-03-28T06:31:23.000Z,2026-03-29T04:21:59.000Z,,Western supply chain / policy funding,low,https://x.com/aleabitoreddit/status/2038109389111062832
342,NB,2,3,1,0,1,2026-01-26T15:45:50.000Z,2026-03-23T07:37:02.000Z,,Western supply chain / policy funding,low,https://x.com/aleabitoreddit/status/2035984148159164870
343,NOVT,2,3,0,2,0,2026-01-16T07:57:59.000Z,2026-05-12T23:00:30.000Z,,Power semiconductors / 800VDC,low,https://x.com/aleabitoreddit/status/2054335940026573222
344,NVDA-MARGIN,2,3,0,1,1,2026-01-10T15:48:57.000Z,2026-01-10T17:53:23.000Z,,Valuation / risk / trading behavior,low,https://x.com/aleabitoreddit/status/2010047332235260390
345,PDFS,2,3,2,0,0,2026-01-18T18:38:48.000Z,2026-03-24T02:09:07.000Z,,CPO / photonics / optical,low,https://x.com/aleabitoreddit/status/2036264013370368378
346,PSX,2,3,1,1,0,2026-01-03T16:31:04.000Z,2026-01-06T01:37:00.000Z,,Power semiconductors / 800VDC,low,https://x.com/aleabitoreddit/status/2008352067765837942
347,QUBT,2,3,1,1,0,2025-10-11T18:32:44.000Z,2026-03-24T02:09:07.000Z,,AI compute / memory / hyperscalers,low,https://x.com/aleabitoreddit/status/2036264013370368378
348,TECK,2,3,2,0,0,2026-01-26T15:14:41.000Z,2026-03-23T07:37:02.000Z,,Western supply chain / policy funding,low,https://x.com/aleabitoreddit/status/2035984148159164870
349,2400,2,2,0,2,0,2025-09-25T16:02:44.000Z,2025-12-30T08:27:03.000Z,,CPO / photonics / optical,low,https://x.com/aleabitoreddit/status/2005918544924664315
350,4800,2,2,0,1,1,2025-09-13T09:44:24.000Z,2025-09-15T06:40:43.000Z,,Other / unclassified,low,https://x.com/aleabitoreddit/status/1967478670878188019
351,ADUR,2,2,0,2,0,2026-04-03T03:21:21.000Z,2026-04-11T22:37:19.000Z,,Western supply chain / policy funding,low,https://x.com/aleabitoreddit/status/2043096081060504057
352,AIXXF,2,2,2,0,0,2026-02-28T19:35:24.000Z,2026-02-28T19:35:44.000Z,,CPO / photonics / optical,low,https://x.com/aleabitoreddit/status/2027830093247300016
353,AL2SI,2,2,0,2,0,2026-04-03T03:21:21.000Z,2026-04-11T22:37:19.000Z,,Western supply chain / policy funding,low,https://x.com/aleabitoreddit/status/2043096081060504057
354,ALCJ,2,2,0,2,0,2026-04-03T03:21:21.000Z,2026-04-11T22:37:19.000Z,,Western supply chain / policy funding,low,https://x.com/aleabitoreddit/status/2043096081060504057
355,ATI,2,2,1,0,1,2026-01-17T09:51:05.000Z,2026-03-23T07:37:02.000Z,,CPO / photonics / optical,low,https://x.com/aleabitoreddit/status/2035984148159164870
356,ATKR,2,2,1,1,0,2026-04-22T19:12:29.000Z,2026-04-26T17:09:03.000Z,,CPO / photonics / optical,low,https://x.com/aleabitoreddit/status/2048449289152778686
357,AUR,2,2,0,1,1,2026-02-09T19:33:18.000Z,2026-05-12T23:00:30.000Z,,Other / unclassified,low,https://x.com/aleabitoreddit/status/2054335940026573222
358,AWS,2,2,0,0,2,2025-11-14T13:57:35.000Z,2025-11-25T01:03:04.000Z,,AI compute / memory / hyperscalers,low,https://x.com/aleabitoreddit/status/1993123237136633899
359,BMBL,2,2,1,0,1,2025-08-31T03:19:41.000Z,2026-02-27T15:07:12.000Z,,Valuation / risk / trading behavior,low,https://x.com/aleabitoreddit/status/2027400128529924167
360,BRK,2,2,1,0,1,2025-09-26T00:16:03.000Z,2026-02-01T23:27:09.000Z,,Power semiconductors / 800VDC,low,https://x.com/aleabitoreddit/status/2018103859647037824
361,BRK.B,2,2,2,0,0,2026-03-22T03:02:15.000Z,2026-09-07T12:07:15.000Z,,Power semiconductors / 800VDC,low,https://x.com/aleabitoreddit/status/2096933313785242098
362,BYND,2,2,1,0,1,2025-10-28T12:05:32.000Z,2026-04-05T06:13:01.000Z,,Western supply chain / policy funding,low,https://x.com/aleabitoreddit/status/2040674046405419148
363,CAR,2,2,1,1,0,2026-04-21T01:12:34.000Z,2026-04-21T18:59:55.000Z,,Valuation / risk / trading behavior,low,https://x.com/aleabitoreddit/status/2046665249001210173
364,CHGG,2,2,1,0,1,2026-02-27T14:40:21.000Z,2026-02-27T15:05:27.000Z,,Power semiconductors / 800VDC,low,https://x.com/aleabitoreddit/status/2027399688765558859
365,CMG,2,2,0,0,2,2025-11-05T01:44:50.000Z,2026-04-27T17:59:27.000Z,,AI compute / memory / hyperscalers,low,https://x.com/aleabitoreddit/status/2048824360639836304
366,CRBS,2,2,1,0,1,2026-05-14T23:01:34.000Z,2026-05-14T23:14:28.000Z,,Western supply chain / policy funding,low,https://x.com/aleabitoreddit/status/2055064231905788025
367,DAL,2,2,0,1,1,2026-03-09T15:55:02.000Z,2026-03-09T16:27:53.000Z,,Power semiconductors / 800VDC,low,https://x.com/aleabitoreddit/status/2031044312289660956
368,DAVE,2,2,1,0,1,2025-09-16T20:38:34.000Z,2025-10-30T17:47:31.000Z,,AI compute / memory / hyperscalers,low,https://x.com/aleabitoreddit/status/1983953927390556171
369,DBRG,2,2,0,0,2,2025-10-30T12:33:18.000Z,2025-10-30T12:40:01.000Z,,Other / unclassified,low,https://x.com/aleabitoreddit/status/1983876545505849642
370,DLO,2,2,1,1,0,2025-09-16T20:38:34.000Z,2025-10-29T05:03:08.000Z,,AI compute / memory / hyperscalers,low,https://x.com/aleabitoreddit/status/1983399179759300943
371,DNUT,2,2,1,0,1,2025-07-23T05:53:22.000Z,2025-07-23T06:09:14.000Z,,Valuation / risk / trading behavior,low,https://x.com/aleabitoreddit/status/1947901801203961876
372,DRS,2,2,1,0,1,2026-03-02T13:01:47.000Z,2026-03-02T13:25:41.000Z,,CPO / photonics / optical,low,https://x.com/aleabitoreddit/status/2028461742783893827
373,ENPH,2,2,0,1,1,2026-03-07T11:31:53.000Z,2026-06-08T06:22:58.000Z,,Other / unclassified,low,https://x.com/aleabitoreddit/status/2063869376542192013
374,ENTG,2,2,0,1,1,2026-01-24T20:46:07.000Z,2026-01-27T12:41:04.000Z,,CPO / photonics / optical,low,https://x.com/aleabitoreddit/status/2016129326824227195
375,ENVX,2,2,0,2,0,2026-04-03T03:21:21.000Z,2026-04-11T22:37:19.000Z,,Western supply chain / policy funding,low,https://x.com/aleabitoreddit/status/2043096081060504057
376,EONR,2,2,0,2,0,2026-04-03T03:21:21.000Z,2026-04-11T22:37:19.000Z,,Western supply chain / policy funding,low,https://x.com/aleabitoreddit/status/2043096081060504057
377,EOS.ASX,2,2,2,0,0,2026-04-05T04:56:46.000Z,2026-06-29T05:26:31.000Z,,CPO / photonics / optical,low,https://x.com/aleabitoreddit/status/2071465314794233905
378,ETORO,2,2,1,0,1,2025-07-02T17:28:14.000Z,2025-07-02T17:35:18.000Z,,Other / unclassified,low,https://x.com/aleabitoreddit/status/1940464309450199197
379,EWJ,2,2,1,0,1,2026-02-26T19:39:32.000Z,2026-02-26T20:04:37.000Z,,CPO / photonics / optical,low,https://x.com/aleabitoreddit/status/2027112586953756784
380,EXA,2,2,1,1,0,2026-03-10T19:48:32.000Z,2026-03-10T20:16:08.000Z,,Western supply chain / policy funding,low,https://x.com/aleabitoreddit/status/2031464140028654077
381,EXALF,2,2,2,0,0,2026-03-10T19:15:06.000Z,2026-03-10T19:15:16.000Z,,Other / unclassified,low,https://x.com/aleabitoreddit/status/2031448823164436895
382,FEAM,2,2,1,0,1,2026-01-27T12:41:04.000Z,2026-08-07T20:21:30.000Z,,Western supply chain / policy funding,low,https://x.com/aleabitoreddit/status/2085823672569467005
383,FEIM,2,2,1,0,1,2026-01-18T18:38:48.000Z,2026-01-18T19:05:10.000Z,,CPO / photonics / optical,low,https://x.com/aleabitoreddit/status/2012964500702642525
384,GAP,2,2,0,0,2,2025-09-22T20:32:32.000Z,2025-09-29T21:09:47.000Z,,Valuation / risk / trading behavior,low,https://x.com/aleabitoreddit/status/1972770809073861075
385,GEV,2,2,2,0,0,2026-02-07T07:12:56.000Z,2026-02-15T15:48:07.000Z,,CPO / photonics / optical,low,https://x.com/aleabitoreddit/status/2023061769313542601
386,GOOG,2,2,0,1,1,2025-09-10T07:40:49.000Z,2025-11-18T17:19:47.000Z,,AI compute / memory / hyperscalers,low,https://x.com/aleabitoreddit/status/1990832317766738346
387,HGRAF,2,2,0,2,0,2026-04-03T03:21:21.000Z,2026-04-11T22:37:19.000Z,,Western supply chain / policy funding,low,https://x.com/aleabitoreddit/status/2043096081060504057
388,JOBY,2,2,0,1,1,2025-10-04T20:23:00.000Z,2025-10-04T20:44:08.000Z,,Valuation / risk / trading behavior,low,https://x.com/aleabitoreddit/status/1974576290125795760
389,LCRX,2,2,0,2,0,2026-05-01T06:02:46.000Z,2026-09-04T10:35:17.000Z,,CPO / photonics / optical,low,https://x.com/aleabitoreddit/status/2095823005595439615
390,LMND,2,2,0,0,2,2026-01-01T15:50:18.000Z,2026-03-22T03:30:59.000Z,,Valuation / risk / trading behavior,low,https://x.com/aleabitoreddit/status/2035559839221616668
391,LPK.DE,2,2,0,2,0,2026-04-03T03:21:21.000Z,2026-04-11T22:37:19.000Z,,Western supply chain / policy funding,low,https://x.com/aleabitoreddit/status/2043096081060504057
392,LYC.AX,2,2,1,1,0,2025-10-30T07:00:06.000Z,2026-09-04T09:14:21.000Z,,CPO / photonics / optical,low,https://x.com/aleabitoreddit/status/2095802636876619928
393,LYFT,2,2,0,0,2,2025-09-16T19:43:09.000Z,2025-12-03T14:41:55.000Z,,Other / unclassified,low,https://x.com/aleabitoreddit/status/1996228410109251981
394,MCB,2,2,1,0,1,2026-01-31T03:26:11.000Z,2026-01-31T03:44:42.000Z,,Valuation / risk / trading behavior,low,https://x.com/aleabitoreddit/status/2017443897946083738
395,MINT,2,2,0,1,1,2025-11-03T02:41:44.000Z,2025-11-03T05:23:17.000Z,,Power semiconductors / 800VDC,low,https://x.com/aleabitoreddit/status/1985216187245248650
396,MITK,2,2,0,2,0,2026-04-03T03:21:21.000Z,2026-04-11T22:37:19.000Z,,Western supply chain / policy funding,low,https://x.com/aleabitoreddit/status/2043096081060504057
397,MKSI,2,2,1,1,0,2026-01-18T18:38:48.000Z,2026-01-22T16:02:53.000Z,,CPO / photonics / optical,low,https://x.com/aleabitoreddit/status/2014368177682292774
398,NBCLF,2,2,2,0,0,2026-01-23T01:09:49.000Z,2026-01-25T22:16:17.000Z,,AI compute / memory / hyperscalers,low,https://x.com/aleabitoreddit/status/2015549311732658520
399,NIKE,2,2,1,1,0,2026-08-08T18:27:18.000Z,2026-09-09T08:21:22.000Z,,AI compute / memory / hyperscalers,low,https://x.com/aleabitoreddit/status/2097601244898775465
400,NODE,2,2,0,0,2,2026-01-15T16:13:02.000Z,2026-01-15T21:09:44.000Z,,Valuation / risk / trading behavior,low,https://x.com/aleabitoreddit/status/2011908685589565813
401,OII,2,2,0,0,2,2026-03-10T20:28:43.000Z,2026-03-13T20:31:21.000Z,,Other / unclassified,low,https://x.com/aleabitoreddit/status/2032555132303663597
402,P4O.DE,2,2,0,2,0,2026-04-03T03:21:21.000Z,2026-04-11T22:37:19.000Z,,Western supply chain / policy funding,low,https://x.com/aleabitoreddit/status/2043096081060504057
403,PENG,2,2,0,2,0,2026-05-17T08:17:25.000Z,2026-05-17T13:56:41.000Z,,CPO / photonics / optical,low,https://x.com/aleabitoreddit/status/2056011024982282674
404,PLSR,2,2,0,0,2,2026-01-18T19:09:15.000Z,2026-01-18T19:22:19.000Z,,Valuation / risk / trading behavior,low,https://x.com/aleabitoreddit/status/2012968817476157868
405,PWR,2,2,2,0,0,2026-02-07T07:12:56.000Z,2026-02-15T15:48:07.000Z,,CPO / photonics / optical,low,https://x.com/aleabitoreddit/status/2023061769313542601
406,QS,2,2,0,0,2,2025-10-08T16:10:14.000Z,2026-02-20T09:12:36.000Z,,CPO / photonics / optical,low,https://x.com/aleabitoreddit/status/2024774175890756062
407,QURE,2,2,0,2,0,2026-04-03T03:21:21.000Z,2026-04-11T22:37:19.000Z,,Western supply chain / policy funding,low,https://x.com/aleabitoreddit/status/2043096081060504057
408,RELL,2,2,1,1,0,2026-01-18T18:38:48.000Z,2026-06-08T06:22:58.000Z,,CPO / photonics / optical,low,https://x.com/aleabitoreddit/status/2063869376542192013
409,REMX,2,2,0,0,2,2025-09-17T21:48:35.000Z,2026-01-27T01:01:37.000Z,,Other / unclassified,low,https://x.com/aleabitoreddit/status/2015953304803803269
410,RUM,2,2,1,1,0,2025-09-15T02:24:23.000Z,2025-09-16T20:38:34.000Z,,AI compute / memory / hyperscalers,low,https://x.com/aleabitoreddit/status/1968051910663118861
411,S,2,2,0,0,2,2025-11-19T18:32:00.000Z,2026-02-18T00:50:51.000Z,,AI compute / memory / hyperscalers,low,https://x.com/aleabitoreddit/status/2023923131459723342
412,SANM,2,2,0,2,0,2026-03-26T08:33:42.000Z,2026-05-21T09:12:12.000Z,,CPO / photonics / optical,low,https://x.com/aleabitoreddit/status/2057388984310132855
413,SBGSY,2,2,1,1,0,2026-02-07T10:53:42.000Z,2026-02-12T03:08:09.000Z,,CPO / photonics / optical,low,https://x.com/aleabitoreddit/status/2021783355076026581
414,SEA,2,2,0,2,0,2025-10-15T07:42:21.000Z,2025-10-29T05:03:08.000Z,,Power semiconductors / 800VDC,low,https://x.com/aleabitoreddit/status/1983399179759300943
415,SIDU,2,2,0,0,2,2026-01-13T03:25:40.000Z,2026-01-13T03:53:08.000Z,,Power semiconductors / 800VDC,low,https://x.com/aleabitoreddit/status/2010923038070427796
416,SILC,2,2,0,1,1,2026-02-09T19:33:18.000Z,2026-09-06T14:23:02.000Z,,AI compute / memory / hyperscalers,low,https://x.com/aleabitoreddit/status/2096605093986787380
417,SMHN,2,2,2,0,0,2026-03-17T12:38:10.000Z,2026-03-20T08:56:10.000Z,,CPO / photonics / optical,low,https://x.com/aleabitoreddit/status/2034916899021365725
418,SMR,2,2,0,2,0,2025-10-15T12:13:51.000Z,2026-09-06T14:23:02.000Z,,AI compute / memory / hyperscalers,low,https://x.com/aleabitoreddit/status/2096605093986787380
419,SNPS,2,2,1,1,0,2026-03-31T00:35:59.000Z,2026-04-20T18:57:12.000Z,,CPO / photonics / optical,low,https://x.com/aleabitoreddit/status/2046302180001673341
420,SPCE,2,2,1,1,0,2026-05-30T19:31:56.000Z,2026-06-14T15:27:22.000Z,,CPO / photonics / optical,low,https://x.com/aleabitoreddit/status/2066180704661356593
421,SPIR,2,2,2,0,0,2026-03-14T02:08:42.000Z,2026-03-24T06:29:34.000Z,,CPO / photonics / optical,low,https://x.com/aleabitoreddit/status/2036329557444403424
422,SYM,2,2,1,1,0,2026-02-16T01:25:02.000Z,2026-05-12T23:00:30.000Z,,Power semiconductors / 800VDC,low,https://x.com/aleabitoreddit/status/2054335940026573222
423,TLN,2,2,1,0,1,2026-02-15T15:48:07.000Z,2026-02-21T14:52:45.000Z,,CPO / photonics / optical,low,https://x.com/aleabitoreddit/status/2025222163251540079
424,TMC,2,2,0,2,0,2026-04-03T03:21:21.000Z,2026-04-11T22:37:19.000Z,,Western supply chain / policy funding,low,https://x.com/aleabitoreddit/status/2043096081060504057
425,TPU,2,2,1,0,1,2025-12-29T06:53:45.000Z,2026-03-18T01:59:32.000Z,,CPO / photonics / optical,low,https://x.com/aleabitoreddit/status/2034087274800091401
426,TRT,2,2,0,2,0,2026-04-03T03:21:21.000Z,2026-04-11T22:37:19.000Z,,Western supply chain / policy funding,low,https://x.com/aleabitoreddit/status/2043096081060504057
427,UURAF,2,2,1,0,1,2025-09-17T21:48:35.000Z,2026-03-23T07:37:02.000Z,,Western supply chain / policy funding,low,https://x.com/aleabitoreddit/status/2035984148159164870
428,UUUU,2,2,1,0,1,2026-01-19T06:30:28.000Z,2026-03-23T07:37:02.000Z,,Western supply chain / policy funding,low,https://x.com/aleabitoreddit/status/2035984148159164870
429,VVX,2,2,0,0,2,2026-01-13T12:42:41.000Z,2026-01-14T06:51:43.000Z,,Valuation / risk / trading behavior,low,https://x.com/aleabitoreddit/status/2011330371464675631
430,WATT,2,2,0,2,0,2026-04-03T03:21:21.000Z,2026-04-11T22:37:19.000Z,,Western supply chain / policy funding,low,https://x.com/aleabitoreddit/status/2043096081060504057
431,WIX,2,2,0,0,2,2026-02-03T02:32:33.000Z,2026-04-08T04:07:07.000Z,,CPO / photonics / optical,low,https://x.com/aleabitoreddit/status/2041729528285032797
432,WKEY,2,2,0,0,2,2025-10-30T18:18:52.000Z,2025-10-30T18:54:59.000Z,,Other / unclassified,low,https://x.com/aleabitoreddit/status/1983970907933831539
433,WWR,2,2,1,1,0,2025-10-10T03:06:48.000Z,2026-08-07T20:21:30.000Z,,Western supply chain / policy funding,low,https://x.com/aleabitoreddit/status/2085823672569467005
434,XYZ,2,2,1,0,1,2025-12-05T01:24:10.000Z,2026-02-27T14:40:21.000Z,,Power semiconductors / 800VDC,low,https://x.com/aleabitoreddit/status/2027393372953174177
435,Z,2,2,0,1,1,2025-09-22T23:22:53.000Z,2025-09-25T21:04:48.000Z,,Power semiconductors / 800VDC,low,https://x.com/aleabitoreddit/status/1971320000851083607
436,ZETA,2,2,1,0,1,2026-01-05T12:34:29.000Z,2026-01-05T12:45:19.000Z,,CPO / photonics / optical,low,https://x.com/aleabitoreddit/status/2008157864792080568
437,FTX,1,4,0,1,0,2025-11-24T15:51:33.000Z,2025-11-24T15:51:33.000Z,,AI compute / memory / hyperscalers,low,https://x.com/aleabitoreddit/status/1992984440960921604
438,GRZ,1,4,0,1,0,2026-01-04T03:06:30.000Z,2026-01-04T03:06:30.000Z,,Power semiconductors / 800VDC,low,https://x.com/aleabitoreddit/status/2007649811621880238
439,LHX,1,3,0,1,0,2026-01-03T09:43:52.000Z,2026-01-03T09:43:52.000Z,,Valuation / risk / trading behavior,low,https://x.com/aleabitoreddit/status/2007387427820978510
440,RMLFF,1,3,0,1,0,2026-01-04T03:06:30.000Z,2026-01-04T03:06:30.000Z,,Power semiconductors / 800VDC,low,https://x.com/aleabitoreddit/status/2007649811621880238
441,1560,1,2,0,0,1,2026-03-24T19:01:52.000Z,2026-03-24T19:01:52.000Z,,Power semiconductors / 800VDC,low,https://x.com/aleabitoreddit/status/2036518879279939709
442,AKTS,1,2,1,0,0,2026-03-24T02:09:07.000Z,2026-03-24T02:09:07.000Z,,Western supply chain / policy funding,low,https://x.com/aleabitoreddit/status/2036264013370368378
443,ALOY,1,2,1,0,0,2026-03-23T07:37:02.000Z,2026-03-23T07:37:02.000Z,,Western supply chain / policy funding,low,https://x.com/aleabitoreddit/status/2035984148159164870
444,AMPX,1,2,0,1,0,2026-09-06T14:23:02.000Z,2026-09-06T14:23:02.000Z,,AI compute / memory / hyperscalers,low,https://x.com/aleabitoreddit/status/2096605093986787380
445,BLG,1,2,1,0,0,2026-03-24T02:09:07.000Z,2026-03-24T02:09:07.000Z,,Western supply chain / policy funding,low,https://x.com/aleabitoreddit/status/2036264013370368378
446,CLF,1,2,0,1,0,2026-04-22T19:12:29.000Z,2026-04-22T19:12:29.000Z,,Western supply chain / policy funding,low,https://x.com/aleabitoreddit/status/2047030798554132901
447,CVE,1,2,0,1,0,2026-01-03T09:43:52.000Z,2026-01-03T09:43:52.000Z,,Valuation / risk / trading behavior,low,https://x.com/aleabitoreddit/status/2007387427820978510
448,DGDX,1,2,0,1,0,2025-11-22T10:42:19.000Z,2025-11-22T10:42:19.000Z,,AI compute / memory / hyperscalers,low,https://x.com/aleabitoreddit/status/1992181846134968633
449,ESMT,1,2,0,1,0,2026-09-08T15:37:00.000Z,2026-09-08T15:37:00.000Z,,Other / unclassified,low,https://x.com/aleabitoreddit/status/2097348486635368686
450,FAZ,1,2,1,0,0,2026-03-28T06:31:23.000Z,2026-03-28T06:31:23.000Z,,Western supply chain / policy funding,low,https://x.com/aleabitoreddit/status/2037779565066764425
451,FCEL,1,2,0,1,0,2026-06-08T06:22:58.000Z,2026-06-08T06:22:58.000Z,,Other / unclassified,low,https://x.com/aleabitoreddit/status/2063869376542192013
452,FRMI,1,2,0,1,0,2025-12-14T23:58:49.000Z,2025-12-14T23:58:49.000Z,,Western supply chain / policy funding,low,https://x.com/aleabitoreddit/status/2000354823435420024
453,GUSH,1,2,1,0,0,2026-03-28T06:31:23.000Z,2026-03-28T06:31:23.000Z,,Western supply chain / policy funding,low,https://x.com/aleabitoreddit/status/2037779565066764425
454,HLI,1,2,0,1,0,2026-01-03T16:31:04.000Z,2026-01-03T16:31:04.000Z,,Valuation / risk / trading behavior,low,https://x.com/aleabitoreddit/status/2007489901877436756
455,HON,1,2,0,1,0,2026-01-03T09:43:52.000Z,2026-01-03T09:43:52.000Z,,Valuation / risk / trading behavior,low,https://x.com/aleabitoreddit/status/2007387427820978510
456,LAZ,1,2,0,1,0,2026-01-03T16:31:04.000Z,2026-01-03T16:31:04.000Z,,Valuation / risk / trading behavior,low,https://x.com/aleabitoreddit/status/2007489901877436756
457,LDOS,1,2,0,1,0,2026-01-03T09:43:52.000Z,2026-01-03T09:43:52.000Z,,Valuation / risk / trading behavior,low,https://x.com/aleabitoreddit/status/2007387427820978510
458,MBLY,1,2,0,1,0,2026-05-12T23:00:30.000Z,2026-05-12T23:00:30.000Z,,Other / unclassified,low,https://x.com/aleabitoreddit/status/2054335940026573222
459,MRNA,1,2,1,0,0,2026-08-20T09:45:17.000Z,2026-08-20T09:45:17.000Z,,CPO / photonics / optical,low,https://x.com/aleabitoreddit/status/2090374603264929981
460,MVZ.B,1,2,0,0,1,2026-01-03T15:23:20.000Z,2026-01-03T15:23:20.000Z,,Other / unclassified,low,https://x.com/aleabitoreddit/status/2007472856574373893
461,SQQQ,1,2,1,0,0,2026-03-28T06:31:23.000Z,2026-03-28T06:31:23.000Z,,Western supply chain / policy funding,low,https://x.com/aleabitoreddit/status/2037779565066764425
462,TKR,1,2,0,1,0,2026-01-16T07:57:59.000Z,2026-01-16T07:57:59.000Z,,Power semiconductors / 800VDC,low,https://x.com/aleabitoreddit/status/2012071822481900030
463,UVIX,1,2,1,0,0,2026-03-28T06:31:23.000Z,2026-03-28T06:31:23.000Z,,Western supply chain / policy funding,low,https://x.com/aleabitoreddit/status/2037779565066764425
464,1122,1,1,0,1,0,2026-06-18T14:54:06.000Z,2026-06-18T14:54:06.000Z,,CPO / photonics / optical,low,https://x.com/aleabitoreddit/status/2067621883525394768
465,1195,1,1,0,1,0,2025-10-06T02:36:59.000Z,2025-10-06T02:36:59.000Z,,Power semiconductors / 800VDC,low,https://x.com/aleabitoreddit/status/1975027478373748808
466,1200,1,1,0,1,0,2025-10-06T02:36:59.000Z,2025-10-06T02:36:59.000Z,,Power semiconductors / 800VDC,low,https://x.com/aleabitoreddit/status/1975027478373748808
467,15000,1,1,0,0,1,2025-10-01T01:11:34.000Z,2025-10-01T01:11:34.000Z,,Western supply chain / policy funding,low,https://x.com/aleabitoreddit/status/1973194041996292317
468,1595,1,1,1,0,0,2026-04-04T16:41:03.000Z,2026-04-04T16:41:03.000Z,,Valuation / risk / trading behavior,low,https://x.com/aleabitoreddit/status/2040469708739375399
469,20000,1,1,0,1,0,2026-04-11T16:37:58.000Z,2026-04-11T16:37:58.000Z,,CPO / photonics / optical,low,https://x.com/aleabitoreddit/status/2043005647424491596
470,2155,1,1,0,1,0,2026-06-18T14:54:06.000Z,2026-06-18T14:54:06.000Z,,CPO / photonics / optical,low,https://x.com/aleabitoreddit/status/2067621883525394768
471,2200,1,1,0,0,1,2026-02-02T08:02:41.000Z,2026-02-02T08:02:41.000Z,,Valuation / risk / trading behavior,low,https://x.com/aleabitoreddit/status/2018233596918554931
472,2408,1,1,0,1,0,2025-11-04T18:04:54.000Z,2025-11-04T18:04:54.000Z,,Power semiconductors / 800VDC,low,https://x.com/aleabitoreddit/status/1985770241532838347
473,2800,1,1,0,0,1,2025-09-26T00:30:30.000Z,2025-09-26T00:30:30.000Z,,Other / unclassified,low,https://x.com/aleabitoreddit/status/1971371769392136480
474,3000,1,1,0,1,0,2025-10-11T18:32:44.000Z,2025-10-11T18:32:44.000Z,,AI compute / memory / hyperscalers,low,https://x.com/aleabitoreddit/status/1977079938835718513
475,3300,1,1,0,0,1,2026-01-16T13:36:04.000Z,2026-01-16T13:36:04.000Z,,Western supply chain / policy funding,low,https://x.com/aleabitoreddit/status/2012156904659935698
476,3500,1,1,0,1,0,2025-11-09T19:56:39.000Z,2025-11-09T19:56:39.000Z,,Valuation / risk / trading behavior,low,https://x.com/aleabitoreddit/status/1987610303752970252
477,3900,1,1,0,0,1,2025-09-26T00:24:17.000Z,2025-09-26T00:24:17.000Z,,Other / unclassified,low,https://x.com/aleabitoreddit/status/1971370201938804800
478,4000,1,1,0,0,1,2026-05-23T17:02:42.000Z,2026-05-23T17:02:42.000Z,,Other / unclassified,low,https://x.com/aleabitoreddit/status/2058232164056277463
479,4200,1,1,0,0,1,2025-09-25T00:05:05.000Z,2025-09-25T00:05:05.000Z,,Valuation / risk / trading behavior,low,https://x.com/aleabitoreddit/status/1971002983640170915
480,4360,1,1,0,0,1,2026-02-21T15:40:58.000Z,2026-02-21T15:40:58.000Z,,Other / unclassified,low,https://x.com/aleabitoreddit/status/2025234298295779416
481,4500,1,1,0,1,0,2025-10-04T01:22:20.000Z,2025-10-04T01:22:20.000Z,,AI compute / memory / hyperscalers,low,https://x.com/aleabitoreddit/status/1974283913905517009
482,4649,1,1,1,0,0,2026-06-06T12:22:51.000Z,2026-06-06T12:22:51.000Z,,Other / unclassified,low,https://x.com/aleabitoreddit/status/2063235166336856251
483,5000,1,1,0,0,1,2026-04-10T21:03:51.000Z,2026-04-10T21:03:51.000Z,,Other / unclassified,low,https://x.com/aleabitoreddit/status/2042710171873611975
484,6557,1,1,0,0,1,2025-07-28T08:19:39.000Z,2025-07-28T08:19:39.000Z,,Other / unclassified,low,https://x.com/aleabitoreddit/status/1949746559912132787
485,AAOI-TYPE,1,1,0,0,1,2026-03-13T22:35:24.000Z,2026-03-13T22:35:24.000Z,,AI compute / memory / hyperscalers,low,https://x.com/aleabitoreddit/status/2032586352345362837
486,AAON,1,1,0,1,0,2026-08-30T11:40:04.000Z,2026-08-30T11:40:04.000Z,,Other / unclassified,low,https://x.com/aleabitoreddit/status/2094027369648681284
487,ABB,1,1,0,1,0,2026-05-12T23:00:30.000Z,2026-05-12T23:00:30.000Z,,Other / unclassified,low,https://x.com/aleabitoreddit/status/2054335940026573222
488,ACHR,1,1,1,0,0,2026-03-14T02:08:42.000Z,2026-03-14T02:08:42.000Z,,Western supply chain / policy funding,low,https://x.com/aleabitoreddit/status/2032640028502012293
489,ACN,1,1,0,1,0,2025-11-17T16:12:21.000Z,2025-11-17T16:12:21.000Z,,AI compute / memory / hyperscalers,low,https://x.com/aleabitoreddit/status/1990452960758042917
490,ACUVI,1,1,0,1,0,2026-05-12T23:00:30.000Z,2026-05-12T23:00:30.000Z,,Other / unclassified,low,https://x.com/aleabitoreddit/status/2054335940026573222
491,ADEA,1,1,0,1,0,2026-01-22T16:02:53.000Z,2026-01-22T16:02:53.000Z,,CPO / photonics / optical,low,https://x.com/aleabitoreddit/status/2014368177682292774
492,AEHR-,1,1,1,0,0,2026-03-17T12:38:10.000Z,2026-03-17T12:38:10.000Z,,CPO / photonics / optical,low,https://x.com/aleabitoreddit/status/2033885603423785170
493,AEIS,1,1,0,1,0,2026-04-22T19:12:29.000Z,2026-04-22T19:12:29.000Z,,Western supply chain / policy funding,low,https://x.com/aleabitoreddit/status/2047030798554132901
494,AEO,1,1,0,0,1,2025-12-02T21:44:28.000Z,2025-12-02T21:44:28.000Z,,Western supply chain / policy funding,low,https://x.com/aleabitoreddit/status/1995972359032107404
495,AIPO,1,1,0,0,1,2026-02-23T08:15:25.000Z,2026-02-23T08:15:25.000Z,,Other / unclassified,low,https://x.com/aleabitoreddit/status/2025846946313986120
496,AKAM,1,1,1,0,0,2026-01-01T12:50:48.000Z,2026-01-01T12:50:48.000Z,,CPO / photonics / optical,low,https://x.com/aleabitoreddit/status/2006709693012467774
497,ALB,1,1,1,0,0,2026-03-23T07:37:02.000Z,2026-03-23T07:37:02.000Z,,Western supply chain / policy funding,low,https://x.com/aleabitoreddit/status/2035984148159164870
498,ALGM,1,1,0,1,0,2026-01-16T07:57:59.000Z,2026-01-16T07:57:59.000Z,,Power semiconductors / 800VDC,low,https://x.com/aleabitoreddit/status/2012071822481900030
499,ALL,1,1,1,0,0,2026-03-22T03:02:15.000Z,2026-03-22T03:02:15.000Z,,Power semiconductors / 800VDC,low,https://x.com/aleabitoreddit/status/2035552610078572849
500,ALNT,1,1,0,1,0,2026-05-12T23:00:30.000Z,2026-05-12T23:00:30.000Z,,Other / unclassified,low,https://x.com/aleabitoreddit/status/2054335940026573222
501,ALTM,1,1,1,0,0,2026-03-23T07:37:02.000Z,2026-03-23T07:37:02.000Z,,Western supply chain / policy funding,low,https://x.com/aleabitoreddit/status/2035984148159164870
502,AMBQ,1,1,0,1,0,2026-05-12T23:00:30.000Z,2026-05-12T23:00:30.000Z,,Other / unclassified,low,https://x.com/aleabitoreddit/status/2054335940026573222
503,AMKR-,1,1,0,1,0,2026-03-28T15:32:25.000Z,2026-03-28T15:32:25.000Z,,CPO / photonics / optical,low,https://x.com/aleabitoreddit/status/2037915721435587028
504,AMT,1,1,1,0,0,2026-03-22T03:02:15.000Z,2026-03-22T03:02:15.000Z,,Power semiconductors / 800VDC,low,https://x.com/aleabitoreddit/status/2035552610078572849
505,AMTB,1,1,0,0,1,2026-01-03T15:23:20.000Z,2026-01-03T15:23:20.000Z,,Other / unclassified,low,https://x.com/aleabitoreddit/status/2007472856574373893
506,ANSS,1,1,0,1,0,2026-03-31T00:35:59.000Z,2026-03-31T00:35:59.000Z,,CPO / photonics / optical,low,https://x.com/aleabitoreddit/status/2038777289115345200
507,API,1,1,0,0,1,2025-10-29T15:01:11.000Z,2025-10-29T15:01:11.000Z,,Other / unclassified,low,https://x.com/aleabitoreddit/status/1983549684317815177
508,APO,1,1,1,0,0,2026-03-24T03:13:05.000Z,2026-03-24T03:13:05.000Z,,Other / unclassified,low,https://x.com/aleabitoreddit/status/2036280113298546865
509,ARA,1,1,1,0,0,2026-03-23T07:37:02.000Z,2026-03-23T07:37:02.000Z,,Western supply chain / policy funding,low,https://x.com/aleabitoreddit/status/2035984148159164870
510,ARBE,1,1,0,1,0,2026-05-12T23:00:30.000Z,2026-05-12T23:00:30.000Z,,Other / unclassified,low,https://x.com/aleabitoreddit/status/2054335940026573222
511,AREC,1,1,0,0,1,2026-01-26T15:36:11.000Z,2026-01-26T15:36:11.000Z,,Other / unclassified,low,https://x.com/aleabitoreddit/status/2015811012172321218
512,ARU-,1,1,1,0,0,2026-03-23T07:37:02.000Z,2026-03-23T07:37:02.000Z,,Western supply chain / policy funding,low,https://x.com/aleabitoreddit/status/2035984148159164870
513,ASAN,1,1,0,0,1,2025-09-18T07:37:48.000Z,2025-09-18T07:37:48.000Z,,Valuation / risk / trading behavior,low,https://x.com/aleabitoreddit/status/1968580197139337237
514,ASGLY,1,1,1,0,0,2026-05-10T07:30:58.000Z,2026-05-10T07:30:58.000Z,,Other / unclassified,low,https://x.com/aleabitoreddit/status/2053377238532329611
515,ASMC,1,1,0,0,1,2026-04-22T18:36:46.000Z,2026-04-22T18:36:46.000Z,,Other / unclassified,low,https://x.com/aleabitoreddit/status/2047021810550763603
516,ASML-TYPE,1,1,1,0,0,2026-02-27T20:27:58.000Z,2026-02-27T20:27:58.000Z,,CPO / photonics / optical,low,https://x.com/aleabitoreddit/status/2027480850397573567
517,ASOZF,1,1,1,0,0,2026-01-01T12:50:48.000Z,2026-01-01T12:50:48.000Z,,CPO / photonics / optical,low,https://x.com/aleabitoreddit/status/2006709693012467774
518,ASX-,1,1,0,1,0,2026-01-24T20:46:07.000Z,2026-01-24T20:46:07.000Z,,CPO / photonics / optical,low,https://x.com/aleabitoreddit/status/2015164232795627975
519,ASYS,1,1,0,1,0,2026-06-08T06:22:58.000Z,2026-06-08T06:22:58.000Z,,Other / unclassified,low,https://x.com/aleabitoreddit/status/2063869376542192013
520,ATUS,1,1,1,0,0,2026-03-22T03:02:15.000Z,2026-03-22T03:02:15.000Z,,Power semiconductors / 800VDC,low,https://x.com/aleabitoreddit/status/2035552610078572849
521,AVA,1,1,0,0,1,2026-01-07T23:21:28.000Z,2026-01-07T23:21:28.000Z,,Other / unclassified,low,https://x.com/aleabitoreddit/status/2009042732535435526
522,AW1,1,1,1,0,0,2026-03-23T07:37:02.000Z,2026-03-23T07:37:02.000Z,,Western supply chain / policy funding,low,https://x.com/aleabitoreddit/status/2035984148159164870
523,AXTI-,1,1,1,0,0,2026-02-25T12:41:36.000Z,2026-02-25T12:41:36.000Z,,CPO / photonics / optical,low,https://x.com/aleabitoreddit/status/2026638711941902461
524,AYAR,1,1,0,1,0,2026-03-17T00:03:37.000Z,2026-03-17T00:03:37.000Z,,CPO / photonics / optical,low,https://x.com/aleabitoreddit/status/2033695716938551350
525,AZZ,1,1,0,1,0,2026-04-22T19:12:29.000Z,2026-04-22T19:12:29.000Z,,Western supply chain / policy funding,low,https://x.com/aleabitoreddit/status/2047030798554132901
526,BAC,1,1,1,0,0,2026-03-22T03:02:15.000Z,2026-03-22T03:02:15.000Z,,Power semiconductors / 800VDC,low,https://x.com/aleabitoreddit/status/2035552610078572849
527,BAER,1,1,0,0,1,2026-01-27T16:39:56.000Z,2026-01-27T16:39:56.000Z,,Power semiconductors / 800VDC,low,https://x.com/aleabitoreddit/status/2016189440679674221
528,BAM,1,1,0,1,0,2026-05-12T23:00:30.000Z,2026-05-12T23:00:30.000Z,,Other / unclassified,low,https://x.com/aleabitoreddit/status/2054335940026573222
529,BDC,1,1,0,1,0,2026-06-08T06:22:58.000Z,2026-06-08T06:22:58.000Z,,Other / unclassified,low,https://x.com/aleabitoreddit/status/2063869376542192013
530,BEPC,1,1,1,0,0,2026-02-15T15:48:07.000Z,2026-02-15T15:48:07.000Z,,CPO / photonics / optical,low,https://x.com/aleabitoreddit/status/2023061769313542601
531,BKR,1,1,1,0,0,2026-01-06T01:37:00.000Z,2026-01-06T01:37:00.000Z,,Power semiconductors / 800VDC,low,https://x.com/aleabitoreddit/status/2008352067765837942
532,BLSKY,1,1,0,1,0,2025-10-19T18:21:35.000Z,2025-10-19T18:21:35.000Z,,AI compute / memory / hyperscalers,low,https://x.com/aleabitoreddit/status/1979976235825635419
533,BMM,1,1,1,0,0,2026-03-23T07:37:02.000Z,2026-03-23T07:37:02.000Z,,Western supply chain / policy funding,low,https://x.com/aleabitoreddit/status/2035984148159164870
534,BRK.A,1,1,1,0,0,2026-06-01T23:51:46.000Z,2026-06-01T23:51:46.000Z,,AI compute / memory / hyperscalers,low,https://x.com/aleabitoreddit/status/2061596599588114444
535,BSL,1,1,0,1,0,2026-05-12T23:00:30.000Z,2026-05-12T23:00:30.000Z,,Other / unclassified,low,https://x.com/aleabitoreddit/status/2054335940026573222
536,BSOL,1,1,0,0,1,2026-01-30T17:08:56.000Z,2026-01-30T17:08:56.000Z,,Other / unclassified,low,https://x.com/aleabitoreddit/status/2017283903913136486
537,BTDR,1,1,1,0,0,2026-09-02T09:54:21.000Z,2026-09-02T09:54:21.000Z,,AI compute / memory / hyperscalers,low,https://x.com/aleabitoreddit/status/2095087925822190023
538,BWA,1,1,1,0,0,2026-07-05T13:38:44.000Z,2026-07-05T13:38:44.000Z,,AI compute / memory / hyperscalers,low,https://x.com/aleabitoreddit/status/2073763512216899825
539,BWXT,1,1,0,0,1,2026-01-28T19:06:26.000Z,2026-01-28T19:06:26.000Z,,Other / unclassified,low,https://x.com/aleabitoreddit/status/2016588696133468422
540,BXP,1,1,1,0,0,2026-03-22T03:02:15.000Z,2026-03-22T03:02:15.000Z,,Power semiconductors / 800VDC,low,https://x.com/aleabitoreddit/status/2035552610078572849
541,BYNO,1,1,0,0,1,2026-04-24T06:59:31.000Z,2026-04-24T06:59:31.000Z,,Other / unclassified,low,https://x.com/aleabitoreddit/status/2047571121256689770
542,CAPA,1,1,1,0,0,2026-09-01T08:30:14.000Z,2026-09-01T08:30:14.000Z,,CPO / photonics / optical,low,https://x.com/aleabitoreddit/status/2094704372831920324
543,CAPR,1,1,0,1,0,2026-09-06T14:23:02.000Z,2026-09-06T14:23:02.000Z,,AI compute / memory / hyperscalers,low,https://x.com/aleabitoreddit/status/2096605093986787380
544,CAT,1,1,1,0,0,2026-03-22T03:02:15.000Z,2026-03-22T03:02:15.000Z,,Power semiconductors / 800VDC,low,https://x.com/aleabitoreddit/status/2035552610078572849
545,CATL,1,1,0,1,0,2026-05-12T23:00:30.000Z,2026-05-12T23:00:30.000Z,,Other / unclassified,low,https://x.com/aleabitoreddit/status/2054335940026573222
546,CAVA,1,1,0,0,1,2025-11-05T01:44:50.000Z,2025-11-05T01:44:50.000Z,,Valuation / risk / trading behavior,low,https://x.com/aleabitoreddit/status/1985885989219512580
547,CBT,1,1,0,0,1,2026-01-27T12:41:04.000Z,2026-01-27T12:41:04.000Z,,Other / unclassified,low,https://x.com/aleabitoreddit/status/2016129326824227195
548,CCCX,1,1,0,1,0,2025-10-29T05:03:08.000Z,2025-10-29T05:03:08.000Z,,AI compute / memory / hyperscalers,low,https://x.com/aleabitoreddit/status/1983399179759300943
549,CGNX,1,1,0,1,0,2026-05-12T23:00:30.000Z,2026-05-12T23:00:30.000Z,,Other / unclassified,low,https://x.com/aleabitoreddit/status/2054335940026573222
550,CITI,1,1,0,1,0,2026-05-15T19:21:12.000Z,2026-05-15T19:21:12.000Z,,CPO / photonics / optical,low,https://x.com/aleabitoreddit/status/2055367916426756386
551,CMXT,1,1,1,0,0,2026-07-27T03:17:03.000Z,2026-07-27T03:17:03.000Z,,Other / unclassified,low,https://x.com/aleabitoreddit/status/2081579593815978273
552,CNEX,1,1,1,0,0,2026-03-28T16:44:25.000Z,2026-03-28T16:44:25.000Z,,Other / unclassified,low,https://x.com/aleabitoreddit/status/2037933841802014891
553,CNTB,1,1,0,1,0,2026-09-06T14:23:02.000Z,2026-09-06T14:23:02.000Z,,AI compute / memory / hyperscalers,low,https://x.com/aleabitoreddit/status/2096605093986787380
554,COP,1,1,0,1,0,2026-01-04T03:06:30.000Z,2026-01-04T03:06:30.000Z,,Power semiconductors / 800VDC,low,https://x.com/aleabitoreddit/status/2007649811621880238
555,CRCLQUANTUM,1,1,0,1,0,2025-11-04T18:04:54.000Z,2025-11-04T18:04:54.000Z,,Power semiconductors / 800VDC,low,https://x.com/aleabitoreddit/status/1985770241532838347
556,CRML,1,1,0,0,1,2026-01-19T22:34:31.000Z,2026-01-19T22:34:31.000Z,,Other / unclassified,low,https://x.com/aleabitoreddit/status/2013379570993352816
557,CRS,1,1,1,0,0,2026-03-23T07:37:02.000Z,2026-03-23T07:37:02.000Z,,Western supply chain / policy funding,low,https://x.com/aleabitoreddit/status/2035984148159164870
558,CRSR,1,1,0,0,1,2026-01-13T01:55:21.000Z,2026-01-13T01:55:21.000Z,,Valuation / risk / trading behavior,low,https://x.com/aleabitoreddit/status/2010893400510460394
559,CRVW,1,1,1,0,0,2026-07-07T18:56:07.000Z,2026-07-07T18:56:07.000Z,,AI compute / memory / hyperscalers,low,https://x.com/aleabitoreddit/status/2074568161299771394
560,CTH.V,1,1,0,1,0,2026-05-12T23:00:30.000Z,2026-05-12T23:00:30.000Z,,Other / unclassified,low,https://x.com/aleabitoreddit/status/2054335940026573222
561,CVAT,1,1,0,0,1,2025-10-31T04:39:09.000Z,2025-10-31T04:39:09.000Z,,Other / unclassified,low,https://x.com/aleabitoreddit/status/1984117916779082104
562,CVV,1,1,1,0,0,2026-01-18T18:38:48.000Z,2026-01-18T18:38:48.000Z,,CPO / photonics / optical,low,https://x.com/aleabitoreddit/status/2012957864026087525
563,CWR.L,1,1,0,1,0,2026-06-08T06:22:58.000Z,2026-06-08T06:22:58.000Z,,Other / unclassified,low,https://x.com/aleabitoreddit/status/2063869376542192013
564,CWV,1,1,0,0,1,2025-11-19T14:10:32.000Z,2025-11-19T14:10:32.000Z,,AI compute / memory / hyperscalers,low,https://x.com/aleabitoreddit/status/1991147080920989793
565,CXV,1,1,0,0,1,2026-01-05T03:04:34.000Z,2026-01-05T03:04:34.000Z,,Other / unclassified,low,https://x.com/aleabitoreddit/status/2008011715263476012
566,D,1,1,1,0,0,2026-02-15T15:48:07.000Z,2026-02-15T15:48:07.000Z,,CPO / photonics / optical,low,https://x.com/aleabitoreddit/status/2023061769313542601
567,DASH,1,1,1,0,0,2026-07-04T21:44:39.000Z,2026-07-04T21:44:39.000Z,,Other / unclassified,low,https://x.com/aleabitoreddit/status/2073523410643366242
568,DDOG,1,1,0,0,1,2026-01-15T08:38:27.000Z,2026-01-15T08:38:27.000Z,,Other / unclassified,low,https://x.com/aleabitoreddit/status/2011719615819497520
569,DE,1,1,1,0,0,2026-03-22T03:02:15.000Z,2026-03-22T03:02:15.000Z,,Power semiconductors / 800VDC,low,https://x.com/aleabitoreddit/status/2035552610078572849
570,DLFI,1,1,0,1,0,2025-10-08T21:12:57.000Z,2025-10-08T21:12:57.000Z,,AI compute / memory / hyperscalers,low,https://x.com/aleabitoreddit/status/1976033094932234314
571,DNA,1,1,0,0,1,2026-03-05T08:11:00.000Z,2026-03-05T08:11:00.000Z,,Other / unclassified,low,https://x.com/aleabitoreddit/status/2029469716973273371
572,DNKG,1,1,1,0,0,2026-02-13T00:36:35.000Z,2026-02-13T00:36:35.000Z,,Other / unclassified,low,https://x.com/aleabitoreddit/status/2022107598821187815
573,DNN,1,1,0,0,1,2025-10-30T23:11:54.000Z,2025-10-30T23:11:54.000Z,,Other / unclassified,low,https://x.com/aleabitoreddit/status/1984035562303713789
574,DOCN,1,1,0,0,1,2025-10-02T19:23:53.000Z,2025-10-02T19:23:53.000Z,,Other / unclassified,low,https://x.com/aleabitoreddit/status/1973831319101845660
575,DOW,1,1,1,0,0,2026-04-26T17:09:03.000Z,2026-04-26T17:09:03.000Z,,CPO / photonics / optical,low,https://x.com/aleabitoreddit/status/2048449289152778686
576,DPZ,1,1,0,0,1,2026-01-03T09:25:50.000Z,2026-01-03T09:25:50.000Z,,CPO / photonics / optical,low,https://x.com/aleabitoreddit/status/2007382889911201983
577,DRFT,1,1,0,1,0,2025-10-29T05:03:08.000Z,2025-10-29T05:03:08.000Z,,AI compute / memory / hyperscalers,low,https://x.com/aleabitoreddit/status/1983399179759300943
578,DSCSY,1,1,1,0,0,2026-05-10T07:30:58.000Z,2026-05-10T07:30:58.000Z,,Other / unclassified,low,https://x.com/aleabitoreddit/status/2053377238532329611
579,DUK,1,1,1,0,0,2026-03-22T03:02:15.000Z,2026-03-22T03:02:15.000Z,,Power semiconductors / 800VDC,low,https://x.com/aleabitoreddit/status/2035552610078572849
580,EAF,1,1,1,0,0,2026-03-23T07:37:02.000Z,2026-03-23T07:37:02.000Z,,Western supply chain / policy funding,low,https://x.com/aleabitoreddit/status/2035984148159164870
581,EDP,1,1,1,0,0,2026-02-07T07:12:56.000Z,2026-02-07T07:12:56.000Z,,CPO / photonics / optical,low,https://x.com/aleabitoreddit/status/2020033017880698920
582,ELOSE,1,1,0,1,0,2025-10-11T18:32:44.000Z,2025-10-11T18:32:44.000Z,,AI compute / memory / hyperscalers,low,https://x.com/aleabitoreddit/status/1977079938835718513
583,ENR,1,1,0,0,1,2026-01-03T15:23:20.000Z,2026-01-03T15:23:20.000Z,,Other / unclassified,low,https://x.com/aleabitoreddit/status/2007472856574373893
584,ENS,1,1,1,0,0,2026-07-05T13:38:44.000Z,2026-07-05T13:38:44.000Z,,AI compute / memory / hyperscalers,low,https://x.com/aleabitoreddit/status/2073763512216899825
585,EOPSF,1,1,0,0,1,2026-01-24T17:49:58.000Z,2026-01-24T17:49:58.000Z,,Valuation / risk / trading behavior,low,https://x.com/aleabitoreddit/status/2015119903200797074
586,EOS,1,1,1,0,0,2026-04-05T04:56:46.000Z,2026-04-05T04:56:46.000Z,,CPO / photonics / optical,low,https://x.com/aleabitoreddit/status/2040654858475504075
587,EQR,1,1,0,0,1,2026-04-04T19:22:41.000Z,2026-04-04T19:22:41.000Z,,Western supply chain / policy funding,low,https://x.com/aleabitoreddit/status/2040510386659832240
588,ESE,1,1,1,0,0,2026-01-18T18:38:48.000Z,2026-01-18T18:38:48.000Z,,CPO / photonics / optical,low,https://x.com/aleabitoreddit/status/2012957864026087525
589,EZU,1,1,1,0,0,2026-02-01T11:14:21.000Z,2026-02-01T11:14:21.000Z,,Power semiconductors / 800VDC,low,https://x.com/aleabitoreddit/status/2017919446296437037
590,FDX,1,1,1,0,0,2026-07-05T20:32:55.000Z,2026-07-05T20:32:55.000Z,,Power semiconductors / 800VDC,low,https://x.com/aleabitoreddit/status/2073867745243127973
591,FIT,1,1,1,0,0,2026-03-17T12:38:10.000Z,2026-03-17T12:38:10.000Z,,CPO / photonics / optical,low,https://x.com/aleabitoreddit/status/2033885603423785170
592,FIX,1,1,0,0,1,2025-10-30T12:23:08.000Z,2025-10-30T12:23:08.000Z,,Other / unclassified,low,https://x.com/aleabitoreddit/status/1983872296675844478
593,FNF,1,1,0,1,0,2026-05-08T09:18:44.000Z,2026-05-08T09:18:44.000Z,,CPO / photonics / optical,low,https://x.com/aleabitoreddit/status/2052679583892426925
594,FNMA,1,1,1,0,0,2025-09-23T20:48:49.000Z,2025-09-23T20:48:49.000Z,,Western supply chain / policy funding,low,https://x.com/aleabitoreddit/status/1970591203994513567
595,FOCI,1,1,1,0,0,2026-03-20T08:56:10.000Z,2026-03-20T08:56:10.000Z,,CPO / photonics / optical,low,https://x.com/aleabitoreddit/status/2034916899021365725
596,FORD,1,1,1,0,0,2026-07-05T20:32:55.000Z,2026-07-05T20:32:55.000Z,,Power semiconductors / 800VDC,low,https://x.com/aleabitoreddit/status/2073867745243127973
597,FPLSF,1,1,0,0,1,2026-03-25T09:43:36.000Z,2026-03-25T09:43:36.000Z,,AI compute / memory / hyperscalers,low,https://x.com/aleabitoreddit/status/2036740775955075344
598,FRO,1,1,1,0,0,2026-02-28T06:52:04.000Z,2026-02-28T06:52:04.000Z,,Valuation / risk / trading behavior,low,https://x.com/aleabitoreddit/status/2027637911097839997
599,FSLR,1,1,1,0,0,2026-02-15T15:48:07.000Z,2026-02-15T15:48:07.000Z,,CPO / photonics / optical,low,https://x.com/aleabitoreddit/status/2023061769313542601
600,FUTU,1,1,1,0,0,2026-05-22T11:08:08.000Z,2026-05-22T11:08:08.000Z,,Power semiconductors / 800VDC,low,https://x.com/aleabitoreddit/status/2057780545292308506
601,GEMI,1,1,0,1,0,2026-01-02T12:46:56.000Z,2026-01-02T12:46:56.000Z,,CPO / photonics / optical,low,https://x.com/aleabitoreddit/status/2007071108831338685
602,GILT,1,1,1,0,0,2026-04-05T04:56:46.000Z,2026-04-05T04:56:46.000Z,,CPO / photonics / optical,low,https://x.com/aleabitoreddit/status/2040654858475504075
603,GLNG,1,1,0,0,1,2026-03-28T17:40:08.000Z,2026-03-28T17:40:08.000Z,,Other / unclassified,low,https://x.com/aleabitoreddit/status/2037947862626205883
604,GME-TYPE,1,1,1,0,0,2026-02-19T08:57:42.000Z,2026-02-19T08:57:42.000Z,,Valuation / risk / trading behavior,low,https://x.com/aleabitoreddit/status/2024408036203516182
605,GOGL,1,1,0,1,0,2025-10-16T22:45:51.000Z,2025-10-16T22:45:51.000Z,,AI compute / memory / hyperscalers,low,https://x.com/aleabitoreddit/status/1978955578652398061
606,GOSS,1,1,0,1,0,2026-09-06T14:23:02.000Z,2026-09-06T14:23:02.000Z,,AI compute / memory / hyperscalers,low,https://x.com/aleabitoreddit/status/2096605093986787380
607,GPRO,1,1,1,0,0,2026-09-01T13:55:24.000Z,2026-09-01T13:55:24.000Z,,CPO / photonics / optical,low,https://x.com/aleabitoreddit/status/2094786201605808566
608,GPUS,1,1,0,0,1,2025-09-29T21:42:59.000Z,2025-09-29T21:42:59.000Z,,AI compute / memory / hyperscalers,low,https://x.com/aleabitoreddit/status/1972779161279496271
609,GRID,1,1,0,0,1,2026-03-01T13:22:41.000Z,2026-03-01T13:22:41.000Z,,Other / unclassified,low,https://x.com/aleabitoreddit/status/2028098602661511548
610,GSM,1,1,1,0,0,2026-01-18T18:38:48.000Z,2026-01-18T18:38:48.000Z,,CPO / photonics / optical,low,https://x.com/aleabitoreddit/status/2012957864026087525
611,HAIN,1,1,0,0,1,2025-09-18T22:31:28.000Z,2025-09-18T22:31:28.000Z,,Other / unclassified,low,https://x.com/aleabitoreddit/status/1968805096503836814
612,HAL,1,1,1,0,0,2026-01-06T01:37:00.000Z,2026-01-06T01:37:00.000Z,,Power semiconductors / 800VDC,low,https://x.com/aleabitoreddit/status/2008352067765837942
613,HALEU,1,1,1,0,0,2026-01-18T18:38:48.000Z,2026-01-18T18:38:48.000Z,,CPO / photonics / optical,low,https://x.com/aleabitoreddit/status/2012957864026087525
614,HG,1,1,0,1,0,2026-05-12T23:00:30.000Z,2026-05-12T23:00:30.000Z,,Other / unclassified,low,https://x.com/aleabitoreddit/status/2054335940026573222
615,HIMS-,1,1,0,0,1,2025-11-05T03:33:21.000Z,2025-11-05T03:33:21.000Z,,Other / unclassified,low,https://x.com/aleabitoreddit/status/1985913297665998934
616,HIMX-,1,1,1,0,0,2026-03-13T21:59:20.000Z,2026-03-13T21:59:20.000Z,,CPO / photonics / optical,low,https://x.com/aleabitoreddit/status/2032577275439485080
617,HLIT,1,1,0,1,0,2026-05-12T23:00:30.000Z,2026-05-12T23:00:30.000Z,,Other / unclassified,low,https://x.com/aleabitoreddit/status/2054335940026573222
618,HOOD-LIKE,1,1,1,0,0,2026-03-11T22:27:09.000Z,2026-03-11T22:27:09.000Z,,Valuation / risk / trading behavior,low,https://x.com/aleabitoreddit/status/2031859498546299159
619,HPP,1,1,0,0,1,2025-09-22T23:22:53.000Z,2025-09-22T23:22:53.000Z,,Other / unclassified,low,https://x.com/aleabitoreddit/status/1970267588988219546
620,HREE,1,1,1,0,0,2026-08-07T20:21:30.000Z,2026-08-07T20:21:30.000Z,,Western supply chain / policy funding,low,https://x.com/aleabitoreddit/status/2085823672569467005
621,HSP.A,1,1,0,0,1,2026-04-18T18:26:05.000Z,2026-04-18T18:26:05.000Z,,CPO / photonics / optical,low,https://x.com/aleabitoreddit/status/2045569572707951054
622,HSYDF,1,1,0,1,0,2026-05-12T23:00:30.000Z,2026-05-12T23:00:30.000Z,,Other / unclassified,low,https://x.com/aleabitoreddit/status/2054335940026573222
623,HXSCL,1,1,0,1,0,2025-11-04T18:04:54.000Z,2025-11-04T18:04:54.000Z,,Power semiconductors / 800VDC,low,https://x.com/aleabitoreddit/status/1985770241532838347
624,HYLN,1,1,0,1,0,2026-06-08T06:22:58.000Z,2026-06-08T06:22:58.000Z,,Other / unclassified,low,https://x.com/aleabitoreddit/status/2063869376542192013
625,IESC,1,1,0,1,0,2026-08-30T11:40:04.000Z,2026-08-30T11:40:04.000Z,,Other / unclassified,low,https://x.com/aleabitoreddit/status/2094027369648681284
626,ILU-,1,1,1,0,0,2026-03-23T07:37:02.000Z,2026-03-23T07:37:02.000Z,,Western supply chain / policy funding,low,https://x.com/aleabitoreddit/status/2035984148159164870
627,IMSR,1,1,0,1,0,2026-05-12T23:00:30.000Z,2026-05-12T23:00:30.000Z,,Other / unclassified,low,https://x.com/aleabitoreddit/status/2054335940026573222
628,INDI,1,1,0,1,0,2026-05-12T23:00:30.000Z,2026-05-12T23:00:30.000Z,,Other / unclassified,low,https://x.com/aleabitoreddit/status/2054335940026573222
629,INFN,1,1,1,0,0,2026-03-24T02:09:07.000Z,2026-03-24T02:09:07.000Z,,Western supply chain / policy funding,low,https://x.com/aleabitoreddit/status/2036264013370368378
630,INHD,1,1,1,0,0,2026-06-09T01:25:40.000Z,2026-06-09T01:25:40.000Z,,Other / unclassified,low,https://x.com/aleabitoreddit/status/2064156945150595504
631,INO,1,1,0,1,0,2026-09-06T14:23:02.000Z,2026-09-06T14:23:02.000Z,,AI compute / memory / hyperscalers,low,https://x.com/aleabitoreddit/status/2096605093986787380
632,INTT,1,1,1,0,0,2026-01-18T18:38:48.000Z,2026-01-18T18:38:48.000Z,,CPO / photonics / optical,low,https://x.com/aleabitoreddit/status/2012957864026087525
633,INTU,1,1,0,0,1,2026-04-12T14:00:25.000Z,2026-04-12T14:00:25.000Z,,Other / unclassified,low,https://x.com/aleabitoreddit/status/2043328386341454108
634,INV,1,1,0,0,1,2026-01-11T18:20:02.000Z,2026-01-11T18:20:02.000Z,,Other / unclassified,low,https://x.com/aleabitoreddit/status/2010416426964992319
635,IPWR,1,1,0,1,0,2026-06-08T06:22:58.000Z,2026-06-08T06:22:58.000Z,,Other / unclassified,low,https://x.com/aleabitoreddit/status/2063869376542192013
636,IQE.L,1,1,0,1,0,2026-06-08T06:22:58.000Z,2026-06-08T06:22:58.000Z,,Other / unclassified,low,https://x.com/aleabitoreddit/status/2063869376542192013
637,IQEF,1,1,1,0,0,2026-07-21T17:41:05.000Z,2026-07-21T17:41:05.000Z,,Other / unclassified,low,https://x.com/aleabitoreddit/status/2079622706572804368
638,IQEPF,1,1,0,0,1,2025-12-30T10:15:27.000Z,2025-12-30T10:15:27.000Z,,Western supply chain / policy funding,low,https://x.com/aleabitoreddit/status/2005945821989368245
639,IRRN,1,1,0,0,1,2025-09-26T17:58:11.000Z,2025-09-26T17:58:11.000Z,,Valuation / risk / trading behavior,low,https://x.com/aleabitoreddit/status/1971635427347181996
640,ISRG,1,1,0,1,0,2026-05-12T23:00:30.000Z,2026-05-12T23:00:30.000Z,,Other / unclassified,low,https://x.com/aleabitoreddit/status/2054335940026573222
641,ITA,1,1,1,0,0,2026-02-19T03:16:29.000Z,2026-02-19T03:16:29.000Z,,CPO / photonics / optical,low,https://x.com/aleabitoreddit/status/2024322169376035019
642,IVA,1,1,0,1,0,2026-09-06T14:23:02.000Z,2026-09-06T14:23:02.000Z,,AI compute / memory / hyperscalers,low,https://x.com/aleabitoreddit/status/2096605093986787380
643,JBSS,1,1,1,0,0,2026-02-19T03:16:29.000Z,2026-02-19T03:16:29.000Z,,CPO / photonics / optical,low,https://x.com/aleabitoreddit/status/2024322169376035019
644,JCI,1,1,0,1,0,2026-08-30T11:40:04.000Z,2026-08-30T11:40:04.000Z,,Other / unclassified,low,https://x.com/aleabitoreddit/status/2094027369648681284
645,JX,1,1,0,0,1,2026-01-23T00:47:58.000Z,2026-01-23T00:47:58.000Z,,CPO / photonics / optical,low,https://x.com/aleabitoreddit/status/2014500318827168215
646,KDK,1,1,0,1,0,2026-05-12T23:00:30.000Z,2026-05-12T23:00:30.000Z,,Other / unclassified,low,https://x.com/aleabitoreddit/status/2054335940026573222
647,KEEL,1,1,1,0,0,2026-09-02T09:54:21.000Z,2026-09-02T09:54:21.000Z,,AI compute / memory / hyperscalers,low,https://x.com/aleabitoreddit/status/2095087925822190023
648,KITT,1,1,0,1,0,2026-05-12T23:00:30.000Z,2026-05-12T23:00:30.000Z,,Other / unclassified,low,https://x.com/aleabitoreddit/status/2054335940026573222
649,KMI,1,1,1,0,0,2026-02-15T15:48:07.000Z,2026-02-15T15:48:07.000Z,,CPO / photonics / optical,low,https://x.com/aleabitoreddit/status/2023061769313542601
650,KRE,1,1,1,0,0,2026-01-31T03:26:11.000Z,2026-01-31T03:26:11.000Z,,Valuation / risk / trading behavior,low,https://x.com/aleabitoreddit/status/2017439237294211221
651,KSS,1,1,1,0,0,2025-07-23T05:53:22.000Z,2025-07-23T05:53:22.000Z,,Valuation / risk / trading behavior,low,https://x.com/aleabitoreddit/status/1947897807115063386
652,KULR,1,1,1,0,0,2026-01-18T18:38:48.000Z,2026-01-18T18:38:48.000Z,,CPO / photonics / optical,low,https://x.com/aleabitoreddit/status/2012957864026087525
653,KYTX,1,1,0,1,0,2026-09-06T14:23:02.000Z,2026-09-06T14:23:02.000Z,,AI compute / memory / hyperscalers,low,https://x.com/aleabitoreddit/status/2096605093986787380
654,LAPTOP,1,1,1,0,0,2026-09-07T16:55:22.000Z,2026-09-07T16:55:22.000Z,,Other / unclassified,low,https://x.com/aleabitoreddit/status/2097005818302607682
655,LFUS,1,1,0,1,0,2026-06-08T06:22:58.000Z,2026-06-08T06:22:58.000Z,,Other / unclassified,low,https://x.com/aleabitoreddit/status/2063869376542192013
656,LG,1,1,1,0,0,2026-03-23T01:52:58.000Z,2026-03-23T01:52:58.000Z,,CPO / photonics / optical,low,https://x.com/aleabitoreddit/status/2035897562025410927
657,LGO,1,1,1,0,0,2026-03-23T07:37:02.000Z,2026-03-23T07:37:02.000Z,,Western supply chain / policy funding,low,https://x.com/aleabitoreddit/status/2035984148159164870
658,LINK,1,1,0,0,1,2026-01-16T12:02:07.000Z,2026-01-16T12:02:07.000Z,,Other / unclassified,low,https://x.com/aleabitoreddit/status/2012133261653483693
659,LIT,1,1,1,0,0,2026-01-24T16:16:57.000Z,2026-01-24T16:16:57.000Z,,CPO / photonics / optical,low,https://x.com/aleabitoreddit/status/2015096496019112151
660,LITE-,1,1,0,1,0,2026-03-30T04:56:38.000Z,2026-03-30T04:56:38.000Z,,CPO / photonics / optical,low,https://x.com/aleabitoreddit/status/2038480499425923375
661,LMND-STYLE,1,1,0,0,1,2026-01-01T15:50:18.000Z,2026-01-01T15:50:18.000Z,,Valuation / risk / trading behavior,low,https://x.com/aleabitoreddit/status/2006754865351966806
662,LPKF,1,1,1,0,0,2026-08-30T06:24:05.000Z,2026-08-30T06:24:05.000Z,,CPO / photonics / optical,low,https://x.com/aleabitoreddit/status/2093947848580858123
663,LPKK,1,1,0,1,0,2026-04-21T04:43:57.000Z,2026-04-21T04:43:57.000Z,,CPO / photonics / optical,low,https://x.com/aleabitoreddit/status/2046449839626670369
664,LTCC,1,1,1,0,0,2026-01-30T15:45:18.000Z,2026-01-30T15:45:18.000Z,,Other / unclassified,low,https://x.com/aleabitoreddit/status/2017262857017258345
665,LVMH,1,1,0,0,1,2026-01-18T19:51:03.000Z,2026-01-18T19:51:03.000Z,,Western supply chain / policy funding,low,https://x.com/aleabitoreddit/status/2012976046136774864
666,LYSDY,1,1,1,0,0,2026-03-23T07:37:02.000Z,2026-03-23T07:37:02.000Z,,Western supply chain / policy funding,low,https://x.com/aleabitoreddit/status/2035984148159164870
667,M7U,1,1,0,0,1,2026-03-20T09:16:52.000Z,2026-03-20T09:16:52.000Z,,Other / unclassified,low,https://x.com/aleabitoreddit/status/2034922107612885093
668,MA,1,1,1,0,0,2026-03-19T09:15:53.000Z,2026-03-19T09:15:53.000Z,,Other / unclassified,low,https://x.com/aleabitoreddit/status/2034559475533910175
669,MEI,1,1,1,0,0,2026-03-23T07:37:02.000Z,2026-03-23T07:37:02.000Z,,Western supply chain / policy funding,low,https://x.com/aleabitoreddit/status/2035984148159164870
670,MET,1,1,1,0,0,2026-03-22T03:02:15.000Z,2026-03-22T03:02:15.000Z,,Power semiconductors / 800VDC,low,https://x.com/aleabitoreddit/status/2035552610078572849
671,META-LIKE,1,1,1,0,0,2026-03-11T22:27:09.000Z,2026-03-11T22:27:09.000Z,,Valuation / risk / trading behavior,low,https://x.com/aleabitoreddit/status/2031859498546299159
672,MKA,1,1,0,1,0,2026-05-12T23:00:30.000Z,2026-05-12T23:00:30.000Z,,Other / unclassified,low,https://x.com/aleabitoreddit/status/2054335940026573222
673,MPC,1,1,1,0,0,2026-01-06T01:37:00.000Z,2026-01-06T01:37:00.000Z,,Power semiconductors / 800VDC,low,https://x.com/aleabitoreddit/status/2008352067765837942
674,MRLN,1,1,0,1,0,2026-05-12T23:00:30.000Z,2026-05-12T23:00:30.000Z,,Other / unclassified,low,https://x.com/aleabitoreddit/status/2054335940026573222
675,MSR,1,1,0,1,0,2026-04-04T19:00:02.000Z,2026-04-04T19:00:02.000Z,,Western supply chain / policy funding,low,https://x.com/aleabitoreddit/status/2040504686349090986
676,MSTR-LIKE,1,1,0,1,0,2025-12-02T00:00:01.000Z,2025-12-02T00:00:01.000Z,,AI compute / memory / hyperscalers,low,https://x.com/aleabitoreddit/status/1995644085563261034
677,MTCH,1,1,0,0,1,2026-02-27T15:07:12.000Z,2026-02-27T15:07:12.000Z,,Other / unclassified,low,https://x.com/aleabitoreddit/status/2027400128529924167
678,MTL,1,1,0,0,1,2026-01-27T12:41:04.000Z,2026-01-27T12:41:04.000Z,,Other / unclassified,low,https://x.com/aleabitoreddit/status/2016129326824227195
679,MTRS,1,1,0,1,0,2026-08-30T11:40:04.000Z,2026-08-30T11:40:04.000Z,,Other / unclassified,low,https://x.com/aleabitoreddit/status/2094027369648681284
680,MVL,1,1,1,0,0,2026-05-03T07:01:59.000Z,2026-05-03T07:01:59.000Z,,CPO / photonics / optical,low,https://x.com/aleabitoreddit/status/2050833230736269767
681,MVRL,1,1,0,0,1,2026-01-02T13:38:33.000Z,2026-01-02T13:38:33.000Z,,CPO / photonics / optical,low,https://x.com/aleabitoreddit/status/2007084099174047817
682,MVST,1,1,0,1,0,2025-09-17T21:25:57.000Z,2025-09-17T21:25:57.000Z,,Other / unclassified,low,https://x.com/aleabitoreddit/status/1968426222578442740
683,NAKA,1,1,0,0,1,2025-09-17T21:48:35.000Z,2025-09-17T21:48:35.000Z,,Other / unclassified,low,https://x.com/aleabitoreddit/status/1968431919105966479
684,NBIS-LIGHT,1,1,0,0,1,2025-10-02T17:05:04.000Z,2025-10-02T17:05:04.000Z,,AI compute / memory / hyperscalers,low,https://x.com/aleabitoreddit/status/1973796384563474697
685,NEXT,1,1,0,0,1,2026-03-28T17:17:08.000Z,2026-03-28T17:17:08.000Z,,Other / unclassified,low,https://x.com/aleabitoreddit/status/2037942075422027868
686,NIDGY,1,1,1,0,0,2026-05-10T07:30:58.000Z,2026-05-10T07:30:58.000Z,,Other / unclassified,low,https://x.com/aleabitoreddit/status/2053377238532329611
687,NMAX,1,1,0,0,1,2025-10-19T02:56:36.000Z,2025-10-19T02:56:36.000Z,,Other / unclassified,low,https://x.com/aleabitoreddit/status/1979743457745969321
688,NNE,1,1,0,0,1,2025-10-29T15:01:11.000Z,2025-10-29T15:01:11.000Z,,Other / unclassified,low,https://x.com/aleabitoreddit/status/1983549684317815177
689,NORBT,1,1,0,1,0,2026-03-10T19:48:32.000Z,2026-03-10T19:48:32.000Z,,Western supply chain / policy funding,low,https://x.com/aleabitoreddit/status/2031457195091759114
690,NOW,1,1,0,1,0,2025-12-05T20:06:56.000Z,2025-12-05T20:06:56.000Z,,AI compute / memory / hyperscalers,low,https://x.com/aleabitoreddit/status/1997034977524121633
691,NRG,1,1,1,0,0,2026-02-15T15:48:07.000Z,2026-02-15T15:48:07.000Z,,CPO / photonics / optical,low,https://x.com/aleabitoreddit/status/2023061769313542601
692,NRGV,1,1,1,0,0,2026-02-15T15:48:07.000Z,2026-02-15T15:48:07.000Z,,CPO / photonics / optical,low,https://x.com/aleabitoreddit/status/2023061769313542601
693,NSANY,1,1,0,1,0,2026-03-10T19:48:32.000Z,2026-03-10T19:48:32.000Z,,Western supply chain / policy funding,low,https://x.com/aleabitoreddit/status/2031457195091759114
694,NTI,1,1,1,0,0,2026-01-18T18:38:48.000Z,2026-01-18T18:38:48.000Z,,CPO / photonics / optical,low,https://x.com/aleabitoreddit/status/2012957864026087525
695,NTTYY,1,1,1,0,0,2026-04-05T04:56:46.000Z,2026-04-05T04:56:46.000Z,,CPO / photonics / optical,low,https://x.com/aleabitoreddit/status/2040654858475504075
696,NTU,1,1,1,0,0,2026-03-23T07:37:02.000Z,2026-03-23T07:37:02.000Z,,Western supply chain / policy funding,low,https://x.com/aleabitoreddit/status/2035984148159164870
697,NVDA-LIKE,1,1,0,1,0,2025-11-20T10:23:51.000Z,2025-11-20T10:23:51.000Z,,AI compute / memory / hyperscalers,low,https://x.com/aleabitoreddit/status/1991452423186182524
698,NVMI,1,1,0,0,1,2026-01-22T16:21:39.000Z,2026-01-22T16:21:39.000Z,,Other / unclassified,low,https://x.com/aleabitoreddit/status/2014372900200124922
699,NXPI,1,1,0,0,1,2026-04-28T08:08:26.000Z,2026-04-28T08:08:26.000Z,,AI compute / memory / hyperscalers,low,https://x.com/aleabitoreddit/status/2049038014245175387
700,O,1,1,1,0,0,2026-03-22T03:02:15.000Z,2026-03-22T03:02:15.000Z,,Power semiconductors / 800VDC,low,https://x.com/aleabitoreddit/status/2035552610078572849
701,OCHR,1,1,0,0,1,2026-03-18T18:38:10.000Z,2026-03-18T18:38:10.000Z,,CPO / photonics / optical,low,https://x.com/aleabitoreddit/status/2034338587098194001
702,ONET,1,1,1,0,0,2026-03-22T12:13:28.000Z,2026-03-22T12:13:28.000Z,,CPO / photonics / optical,low,https://x.com/aleabitoreddit/status/2035691328382849280
703,OPTX,1,1,0,0,1,2026-01-18T12:03:54.000Z,2026-01-18T12:03:54.000Z,,Western supply chain / policy funding,low,https://x.com/aleabitoreddit/status/2012858483570336236
704,OPXS,1,1,1,0,0,2026-01-18T18:38:48.000Z,2026-01-18T18:38:48.000Z,,CPO / photonics / optical,low,https://x.com/aleabitoreddit/status/2012957864026087525
705,OXINF,1,1,1,0,0,2026-03-20T08:56:10.000Z,2026-03-20T08:56:10.000Z,,CPO / photonics / optical,low,https://x.com/aleabitoreddit/status/2034916899021365725
706,PAY.BR,1,1,0,1,0,2026-06-08T06:22:58.000Z,2026-06-08T06:22:58.000Z,,Other / unclassified,low,https://x.com/aleabitoreddit/status/2063869376542192013
707,PDD,1,1,1,0,0,2026-05-22T11:08:08.000Z,2026-05-22T11:08:08.000Z,,Power semiconductors / 800VDC,low,https://x.com/aleabitoreddit/status/2057780545292308506
708,PDY,1,1,0,1,0,2026-05-12T23:00:30.000Z,2026-05-12T23:00:30.000Z,,Other / unclassified,low,https://x.com/aleabitoreddit/status/2054335940026573222
709,PESI,1,1,1,0,0,2026-01-18T18:38:48.000Z,2026-01-18T18:38:48.000Z,,CPO / photonics / optical,low,https://x.com/aleabitoreddit/status/2012957864026087525
710,PFGC,1,1,1,0,0,2026-03-11T07:23:11.000Z,2026-03-11T07:23:11.000Z,,Western supply chain / policy funding,low,https://x.com/aleabitoreddit/status/2031632009618161879
711,PGR,1,1,1,0,0,2026-03-22T03:02:15.000Z,2026-03-22T03:02:15.000Z,,Power semiconductors / 800VDC,low,https://x.com/aleabitoreddit/status/2035552610078572849
712,PKE,1,1,1,0,0,2026-01-18T18:38:48.000Z,2026-01-18T18:38:48.000Z,,CPO / photonics / optical,low,https://x.com/aleabitoreddit/status/2012957864026087525
713,PLMR,1,1,0,0,1,2025-09-18T22:46:13.000Z,2025-09-18T22:46:13.000Z,,Other / unclassified,low,https://x.com/aleabitoreddit/status/1968808809322742219
714,PLUG,1,1,0,0,1,2025-09-18T15:45:52.000Z,2025-09-18T15:45:52.000Z,,Other / unclassified,low,https://x.com/aleabitoreddit/status/1968703024836035036
715,PRQR,1,1,0,1,0,2026-09-06T14:23:02.000Z,2026-09-06T14:23:02.000Z,,AI compute / memory / hyperscalers,low,https://x.com/aleabitoreddit/status/2096605093986787380
716,PRY.MI,1,1,0,1,0,2026-08-30T11:40:04.000Z,2026-08-30T11:40:04.000Z,,Other / unclassified,low,https://x.com/aleabitoreddit/status/2094027369648681284
717,QBUT,1,1,0,1,0,2025-11-07T19:46:59.000Z,2025-11-07T19:46:59.000Z,,Valuation / risk / trading behavior,low,https://x.com/aleabitoreddit/status/1986883096692830292
718,RANI,1,1,0,1,0,2026-09-06T14:23:02.000Z,2026-09-06T14:23:02.000Z,,AI compute / memory / hyperscalers,low,https://x.com/aleabitoreddit/status/2096605093986787380
719,RELY,1,1,0,0,1,2025-10-07T00:03:57.000Z,2025-10-07T00:03:57.000Z,,Valuation / risk / trading behavior,low,https://x.com/aleabitoreddit/status/1975351353485762570
720,RIVN,1,1,0,0,1,2025-09-28T22:37:38.000Z,2025-09-28T22:37:38.000Z,,Valuation / risk / trading behavior,low,https://x.com/aleabitoreddit/status/1972430526951883184
721,ROOT,1,1,0,0,1,2025-10-06T06:32:48.000Z,2025-10-06T06:32:48.000Z,,Other / unclassified,low,https://x.com/aleabitoreddit/status/1975086821160935432
722,RPBPF,1,1,0,0,1,2026-02-17T10:33:45.000Z,2026-02-17T10:33:45.000Z,,Other / unclassified,low,https://x.com/aleabitoreddit/status/2023707434137850006
723,RPI.L,1,1,0,0,1,2026-02-16T16:52:45.000Z,2026-02-16T16:52:45.000Z,,Other / unclassified,low,https://x.com/aleabitoreddit/status/2023440422933328048
724,RRX,1,1,0,1,0,2026-01-16T07:57:59.000Z,2026-01-16T07:57:59.000Z,,Power semiconductors / 800VDC,low,https://x.com/aleabitoreddit/status/2012071822481900030
725,RUT,1,1,1,0,0,2026-02-01T11:14:21.000Z,2026-02-01T11:14:21.000Z,,Power semiconductors / 800VDC,low,https://x.com/aleabitoreddit/status/2017919446296437037
726,SAABF,1,1,0,1,0,2026-03-10T19:48:32.000Z,2026-03-10T19:48:32.000Z,,Western supply chain / policy funding,low,https://x.com/aleabitoreddit/status/2031457195091759114
727,SAFRY,1,1,1,0,0,2026-04-05T04:56:46.000Z,2026-04-05T04:56:46.000Z,,CPO / photonics / optical,low,https://x.com/aleabitoreddit/status/2040654858475504075
728,SATL,1,1,1,0,0,2026-03-24T06:29:34.000Z,2026-03-24T06:29:34.000Z,,CPO / photonics / optical,low,https://x.com/aleabitoreddit/status/2036329557444403424
729,SBET,1,1,0,1,0,2025-11-19T12:09:58.000Z,2025-11-19T12:09:58.000Z,,Power semiconductors / 800VDC,low,https://x.com/aleabitoreddit/status/1991116739577307184
730,SCCO,1,1,0,0,1,2026-01-23T22:49:34.000Z,2026-01-23T22:49:34.000Z,,CPO / photonics / optical,low,https://x.com/aleabitoreddit/status/2014832912987038078
731,SCHW,1,1,0,1,0,2026-05-08T09:18:44.000Z,2026-05-08T09:18:44.000Z,,CPO / photonics / optical,low,https://x.com/aleabitoreddit/status/2052679583892426925
732,SDNK,1,1,0,0,1,2025-11-14T05:03:34.000Z,2025-11-14T05:03:34.000Z,,AI compute / memory / hyperscalers,low,https://x.com/aleabitoreddit/status/1989197492546859045
733,SEDG,1,1,0,1,0,2026-06-08T06:22:58.000Z,2026-06-08T06:22:58.000Z,,Other / unclassified,low,https://x.com/aleabitoreddit/status/2063869376542192013
734,SEIGY,1,1,1,0,0,2026-04-20T18:57:12.000Z,2026-04-20T18:57:12.000Z,,CPO / photonics / optical,low,https://x.com/aleabitoreddit/status/2046302180001673341
735,SERV,1,1,0,1,0,2026-05-12T23:00:30.000Z,2026-05-12T23:00:30.000Z,,Other / unclassified,low,https://x.com/aleabitoreddit/status/2054335940026573222
736,SGBAF,1,1,1,0,0,2026-04-05T04:56:46.000Z,2026-04-05T04:56:46.000Z,,CPO / photonics / optical,low,https://x.com/aleabitoreddit/status/2040654858475504075
737,SHA.DE,1,1,0,1,0,2026-05-12T23:00:30.000Z,2026-05-12T23:00:30.000Z,,Other / unclassified,low,https://x.com/aleabitoreddit/status/2054335940026573222
738,SHA0,1,1,0,1,0,2026-06-28T09:32:04.000Z,2026-06-28T09:32:04.000Z,,AI compute / memory / hyperscalers,low,https://x.com/aleabitoreddit/status/2071164721299112316
739,SHA0.DE,1,1,1,0,0,2026-09-01T08:30:14.000Z,2026-09-01T08:30:14.000Z,,CPO / photonics / optical,low,https://x.com/aleabitoreddit/status/2094704372831920324
740,SHKY,1,1,0,1,0,2026-08-14T11:29:05.000Z,2026-08-14T11:29:05.000Z,,Other / unclassified,low,https://x.com/aleabitoreddit/status/2088226398708338889
741,SHMN,1,1,1,0,0,2026-03-13T21:59:20.000Z,2026-03-13T21:59:20.000Z,,CPO / photonics / optical,low,https://x.com/aleabitoreddit/status/2032577275439485080
742,SILEX,1,1,1,0,0,2026-07-06T09:29:29.000Z,2026-07-06T09:29:29.000Z,,CPO / photonics / optical,low,https://x.com/aleabitoreddit/status/2074063175293809150
743,SIV,1,1,0,0,1,2026-03-16T13:38:59.000Z,2026-03-16T13:38:59.000Z,,CPO / photonics / optical,low,https://x.com/aleabitoreddit/status/2033538523081666708
744,SIVE-,1,1,0,1,0,2026-03-25T09:12:28.000Z,2026-03-25T09:12:28.000Z,,CPO / photonics / optical,low,https://x.com/aleabitoreddit/status/2036732940064080007
745,SKC,1,1,0,0,1,2026-01-02T13:38:33.000Z,2026-01-02T13:38:33.000Z,,CPO / photonics / optical,low,https://x.com/aleabitoreddit/status/2007084099174047817
746,SKHYV,1,1,0,1,0,2026-07-10T16:01:02.000Z,2026-07-10T16:01:02.000Z,,Other / unclassified,low,https://x.com/aleabitoreddit/status/2075611260771852590
747,SKPJF,1,1,1,0,0,2026-04-05T04:56:46.000Z,2026-04-05T04:56:46.000Z,,CPO / photonics / optical,low,https://x.com/aleabitoreddit/status/2040654858475504075
748,SKY,1,1,0,1,0,2026-01-20T08:20:27.000Z,2026-01-20T08:20:27.000Z,,Power semiconductors / 800VDC,low,https://x.com/aleabitoreddit/status/2013527028318846987
749,SLS,1,1,0,1,0,2026-09-06T14:23:02.000Z,2026-09-06T14:23:02.000Z,,AI compute / memory / hyperscalers,low,https://x.com/aleabitoreddit/status/2096605093986787380
750,SLVC,1,1,1,0,0,2026-03-24T02:09:07.000Z,2026-03-24T02:09:07.000Z,,Western supply chain / policy funding,low,https://x.com/aleabitoreddit/status/2036264013370368378
751,SMH,1,1,1,0,0,2026-04-08T04:49:05.000Z,2026-04-08T04:49:05.000Z,,Valuation / risk / trading behavior,low,https://x.com/aleabitoreddit/status/2041740090691698750
752,SMHSF,1,1,1,0,0,2026-05-10T07:30:58.000Z,2026-05-10T07:30:58.000Z,,Other / unclassified,low,https://x.com/aleabitoreddit/status/2053377238532329611
753,SNDK-STYLE,1,1,0,0,1,2026-02-27T20:36:05.000Z,2026-02-27T20:36:05.000Z,,Valuation / risk / trading behavior,low,https://x.com/aleabitoreddit/status/2027482896471364043
754,SO,1,1,1,0,0,2026-03-22T03:02:15.000Z,2026-03-22T03:02:15.000Z,,Power semiconductors / 800VDC,low,https://x.com/aleabitoreddit/status/2035552610078572849
755,SOLV,1,1,0,0,1,2026-01-27T12:41:04.000Z,2026-01-27T12:41:04.000Z,,Other / unclassified,low,https://x.com/aleabitoreddit/status/2016129326824227195
756,SOLZ,1,1,1,0,0,2026-01-30T15:45:18.000Z,2026-01-30T15:45:18.000Z,,Other / unclassified,low,https://x.com/aleabitoreddit/status/2017262857017258345
757,SONY,1,1,0,0,1,2026-03-23T01:31:13.000Z,2026-03-23T01:31:13.000Z,,Western supply chain / policy funding,low,https://x.com/aleabitoreddit/status/2035892086181155327
758,SOUN,1,1,0,0,1,2026-01-14T07:21:40.000Z,2026-01-14T07:21:40.000Z,,Valuation / risk / trading behavior,low,https://x.com/aleabitoreddit/status/2011337908117258489
759,SOXL,1,1,1,0,0,2026-06-23T15:42:09.000Z,2026-06-23T15:42:09.000Z,,Other / unclassified,low,https://x.com/aleabitoreddit/status/2069445918114697463
760,SPXC,1,1,0,1,0,2026-04-22T19:12:29.000Z,2026-04-22T19:12:29.000Z,,Western supply chain / policy funding,low,https://x.com/aleabitoreddit/status/2047030798554132901
761,SRL,1,1,1,0,0,2026-08-07T20:21:30.000Z,2026-08-07T20:21:30.000Z,,Western supply chain / policy funding,low,https://x.com/aleabitoreddit/status/2085823672569467005
762,SRPT,1,1,0,0,1,2025-07-03T09:57:16.000Z,2025-07-03T09:57:16.000Z,,Other / unclassified,low,https://x.com/aleabitoreddit/status/1940711432397684953
763,STNG,1,1,1,0,0,2026-02-28T06:52:04.000Z,2026-02-28T06:52:04.000Z,,Valuation / risk / trading behavior,low,https://x.com/aleabitoreddit/status/2027637911097839997
764,STZ,1,1,0,0,1,2025-09-10T12:00:51.000Z,2025-09-10T12:00:51.000Z,,Other / unclassified,low,https://x.com/aleabitoreddit/status/1965747293262663991
765,SU,1,1,0,0,1,2026-01-03T15:23:20.000Z,2026-01-03T15:23:20.000Z,,Other / unclassified,low,https://x.com/aleabitoreddit/status/2007472856574373893
766,SWGAY,1,1,1,0,0,2026-05-12T04:29:04.000Z,2026-05-12T04:29:04.000Z,,Other / unclassified,low,https://x.com/aleabitoreddit/status/2054056239349539206
767,SYAAF,1,1,1,0,0,2026-01-26T15:14:41.000Z,2026-01-26T15:14:41.000Z,,Western supply chain / policy funding,low,https://x.com/aleabitoreddit/status/2015805598265479518
768,SYK,1,1,0,0,1,2026-01-18T13:52:00.000Z,2026-01-18T13:52:00.000Z,,Power semiconductors / 800VDC,low,https://x.com/aleabitoreddit/status/2012885690007310390
769,SYR,1,1,1,0,0,2026-03-23T07:37:02.000Z,2026-03-23T07:37:02.000Z,,Western supply chain / policy funding,low,https://x.com/aleabitoreddit/status/2035984148159164870
770,SYY,1,1,1,0,0,2026-03-11T07:23:11.000Z,2026-03-11T07:23:11.000Z,,Western supply chain / policy funding,low,https://x.com/aleabitoreddit/status/2031632009618161879
771,T,1,1,1,0,0,2026-03-22T03:02:15.000Z,2026-03-22T03:02:15.000Z,,Power semiconductors / 800VDC,low,https://x.com/aleabitoreddit/status/2035552610078572849
772,TAYD,1,1,1,0,0,2026-01-18T18:38:48.000Z,2026-01-18T18:38:48.000Z,,CPO / photonics / optical,low,https://x.com/aleabitoreddit/status/2012957864026087525
773,TDW,1,1,0,1,0,2026-01-04T03:06:30.000Z,2026-01-04T03:06:30.000Z,,Power semiconductors / 800VDC,low,https://x.com/aleabitoreddit/status/2007649811621880238
774,TIGR,1,1,1,0,0,2026-05-22T11:08:08.000Z,2026-05-22T11:08:08.000Z,,Power semiconductors / 800VDC,low,https://x.com/aleabitoreddit/status/2057780545292308506
775,TOWCF,1,1,0,1,0,2026-04-30T00:25:10.000Z,2026-04-30T00:25:10.000Z,,AI compute / memory / hyperscalers,low,https://x.com/aleabitoreddit/status/2049646205039522009
776,TSE,1,1,0,0,1,2026-03-02T09:40:39.000Z,2026-03-02T09:40:39.000Z,,Other / unclassified,low,https://x.com/aleabitoreddit/status/2028405114076328344
777,TSLA-STYLE,1,1,1,0,0,2026-03-07T10:58:09.000Z,2026-03-07T10:58:09.000Z,,Western supply chain / policy funding,low,https://x.com/aleabitoreddit/status/2030236553708966027
778,TWLO,1,1,0,0,1,2026-02-18T00:50:51.000Z,2026-02-18T00:50:51.000Z,,Other / unclassified,low,https://x.com/aleabitoreddit/status/2023923131459723342
779,TXN,1,1,1,0,0,2026-04-22T18:27:07.000Z,2026-04-22T18:27:07.000Z,,Power semiconductors / 800VDC,low,https://x.com/aleabitoreddit/status/2047019381637677061
780,UHR,1,1,1,0,0,2026-05-12T04:29:04.000Z,2026-05-12T04:29:04.000Z,,Other / unclassified,low,https://x.com/aleabitoreddit/status/2054056239349539206
781,ULBI,1,1,0,0,1,2026-01-12T10:30:20.000Z,2026-01-12T10:30:20.000Z,,Valuation / risk / trading behavior,low,https://x.com/aleabitoreddit/status/2010660608660959717
782,USAR-,1,1,1,0,0,2026-03-23T07:37:02.000Z,2026-03-23T07:37:02.000Z,,Western supply chain / policy funding,low,https://x.com/aleabitoreddit/status/2035984148159164870
783,USDT,1,1,0,0,1,2025-11-20T14:16:34.000Z,2025-11-20T14:16:34.000Z,,Valuation / risk / trading behavior,low,https://x.com/aleabitoreddit/status/1991510988869496851
784,USFD,1,1,1,0,0,2026-03-11T07:23:11.000Z,2026-03-11T07:23:11.000Z,,Western supply chain / policy funding,low,https://x.com/aleabitoreddit/status/2031632009618161879
785,UTES,1,1,0,0,1,2026-02-23T08:15:25.000Z,2026-02-23T08:15:25.000Z,,Other / unclassified,low,https://x.com/aleabitoreddit/status/2025846946313986120
786,UURAF-,1,1,1,0,0,2026-03-23T07:37:02.000Z,2026-03-23T07:37:02.000Z,,Western supply chain / policy funding,low,https://x.com/aleabitoreddit/status/2035984148159164870
787,VGK,1,1,1,0,0,2026-02-01T11:14:21.000Z,2026-02-01T11:14:21.000Z,,Power semiconductors / 800VDC,low,https://x.com/aleabitoreddit/status/2017919446296437037
788,VGP,1,1,0,0,1,2026-01-16T22:44:25.000Z,2026-01-16T22:44:25.000Z,,Other / unclassified,low,https://x.com/aleabitoreddit/status/2012294901694681525
789,VLH,1,1,0,0,1,2026-01-20T17:43:02.000Z,2026-01-20T17:43:02.000Z,,Other / unclassified,low,https://x.com/aleabitoreddit/status/2013668604022083930
790,VLN.TO,1,1,0,0,1,2026-01-09T19:26:45.000Z,2026-01-09T19:26:45.000Z,,Valuation / risk / trading behavior,low,https://x.com/aleabitoreddit/status/2009708441573707876
791,VMI,1,1,0,1,0,2026-04-22T19:12:29.000Z,2026-04-22T19:12:29.000Z,,Western supply chain / policy funding,low,https://x.com/aleabitoreddit/status/2047030798554132901
792,VNP.TO,1,1,1,0,0,2026-01-18T18:38:48.000Z,2026-01-18T18:38:48.000Z,,CPO / photonics / optical,low,https://x.com/aleabitoreddit/status/2012957864026087525
793,VREX,1,1,1,0,0,2026-01-18T18:38:48.000Z,2026-01-18T18:38:48.000Z,,CPO / photonics / optical,low,https://x.com/aleabitoreddit/status/2012957864026087525
794,VSAT,1,1,1,0,0,2026-04-05T04:56:46.000Z,2026-04-05T04:56:46.000Z,,CPO / photonics / optical,low,https://x.com/aleabitoreddit/status/2040654858475504075
795,VSTM,1,1,0,1,0,2026-09-06T14:23:02.000Z,2026-09-06T14:23:02.000Z,,AI compute / memory / hyperscalers,low,https://x.com/aleabitoreddit/status/2096605093986787380
796,VVST,1,1,0,0,1,2026-02-19T19:15:10.000Z,2026-02-19T19:15:10.000Z,,Western supply chain / policy funding,low,https://x.com/aleabitoreddit/status/2024563428220940628
797,VZ,1,1,1,0,0,2026-03-22T03:02:15.000Z,2026-03-22T03:02:15.000Z,,Power semiconductors / 800VDC,low,https://x.com/aleabitoreddit/status/2035552610078572849
798,WBIS,1,1,0,0,1,2025-09-29T02:43:51.000Z,2025-09-29T02:43:51.000Z,,Western supply chain / policy funding,low,https://x.com/aleabitoreddit/status/1972492491770524031
799,WFC,1,1,1,0,0,2026-03-22T03:02:15.000Z,2026-03-22T03:02:15.000Z,,Power semiconductors / 800VDC,low,https://x.com/aleabitoreddit/status/2035552610078572849
800,WLFI,1,1,0,0,1,2026-04-16T23:25:21.000Z,2026-04-16T23:25:21.000Z,,Other / unclassified,low,https://x.com/aleabitoreddit/status/2044920109966434722
801,WMB,1,1,1,0,0,2026-02-15T15:48:07.000Z,2026-02-15T15:48:07.000Z,,CPO / photonics / optical,low,https://x.com/aleabitoreddit/status/2023061769313542601
802,WTI,1,1,0,0,1,2026-02-19T03:23:19.000Z,2026-02-19T03:23:19.000Z,,Other / unclassified,low,https://x.com/aleabitoreddit/status/2024323887375466880
803,X,1,1,0,0,1,2025-11-27T13:21:29.000Z,2025-11-27T13:21:29.000Z,,Other / unclassified,low,https://x.com/aleabitoreddit/status/1994033842219569324
804,XBOT,1,1,0,1,0,2026-05-12T23:00:30.000Z,2026-05-12T23:00:30.000Z,,Other / unclassified,low,https://x.com/aleabitoreddit/status/2054335940026573222
805,XLS,1,1,1,0,0,2026-02-19T03:16:29.000Z,2026-02-19T03:16:29.000Z,,CPO / photonics / optical,low,https://x.com/aleabitoreddit/status/2024322169376035019
806,XUSS,1,1,1,0,0,2025-09-23T20:48:49.000Z,2025-09-23T20:48:49.000Z,,Western supply chain / policy funding,low,https://x.com/aleabitoreddit/status/1970591203994513567
807,YMTC,1,1,1,0,0,2026-08-20T09:45:17.000Z,2026-08-20T09:45:17.000Z,,CPO / photonics / optical,low,https://x.com/aleabitoreddit/status/2090374603264929981
808,ZBH,1,1,0,0,1,2026-01-18T13:52:00.000Z,2026-01-18T13:52:00.000Z,,Power semiconductors / 800VDC,low,https://x.com/aleabitoreddit/status/2012885690007310390
809,ZBRA,1,1,0,1,0,2026-05-12T23:00:30.000Z,2026-05-12T23:00:30.000Z,,Other / unclassified,low,https://x.com/aleabitoreddit/status/2054335940026573222
810,ZEC,1,1,0,0,1,2025-11-09T23:10:53.000Z,2025-11-09T23:10:53.000Z,,Other / unclassified,low,https://x.com/aleabitoreddit/status/1987659186923262350
811,ZVRA,1,1,0,1,0,2026-09-06T14:23:02.000Z,2026-09-06T14:23:02.000Z,,AI compute / memory / hyperscalers,low,https://x.com/aleabitoreddit/status/2096605093986787380
812,ZW,1,1,1,0,0,2025-09-18T06:11:11.000Z,2025-09-18T06:11:11.000Z,,Other / unclassified,low,https://x.com/aleabitoreddit/status/1968558402344292701
