rank,ticker,mentioned_posts,raw_occurrences,post_mentions,quote_mentions,reply_mentions,first_seen,last_seen,names,primary_theme,research_priority,example_url
1,NBIS,756,1000,62,162,532,2025-07-21T14:13:31.000Z,2026-07-30T18:31:07.000Z,,AI compute / memory / hyperscalers,high,https://x.com/aleabitoreddit/status/2082896789880119590
2,SIVE,628,885,134,189,305,2025-12-23T23:13:18.000Z,2026-08-07T08:50:01.000Z,,CPO / photonics / optical,high,https://x.com/aleabitoreddit/status/2085649654059016387
3,AXTI,530,668,109,119,302,2025-12-22T09:48:57.000Z,2026-07-31T07:14:23.000Z,,CPO / photonics / optical,high,https://x.com/aleabitoreddit/status/2083088870942642391
4,LITE,524,734,149,150,225,2025-10-25T06:17:21.000Z,2026-08-07T08:50:01.000Z,,CPO / photonics / optical,high,https://x.com/aleabitoreddit/status/2085649654059016387
5,NVDA,473,586,134,154,185,2025-07-28T08:19:38.000Z,2026-08-07T05:46:59.000Z,,AI compute / memory / hyperscalers,high,https://x.com/aleabitoreddit/status/2085603590903902621
6,IREN,451,639,49,92,310,2025-08-31T04:51:15.000Z,2026-07-30T18:31:07.000Z,,AI compute / memory / hyperscalers,high,https://x.com/aleabitoreddit/status/2082896789880119590
7,AAOI,443,566,118,100,225,2025-12-11T22:10:45.000Z,2026-08-07T12:55:47.000Z,,CPO / photonics / optical,high,https://x.com/aleabitoreddit/status/2085711500875116887
8,GOOGL,285,338,69,73,143,2025-07-03T09:57:16.000Z,2026-07-31T19:16:17.000Z,,AI compute / memory / hyperscalers,high,https://x.com/aleabitoreddit/status/2083270545320386734
9,MSFT,283,329,50,70,163,2025-07-28T08:19:38.000Z,2026-07-31T19:16:17.000Z,,AI compute / memory / hyperscalers,high,https://x.com/aleabitoreddit/status/2083270545320386734
10,META,269,308,72,72,125,2025-07-28T08:19:38.000Z,2026-07-31T19:16:17.000Z,,AI compute / memory / hyperscalers,high,https://x.com/aleabitoreddit/status/2083270545320386734
11,MRVL,256,296,68,85,103,2025-08-25T20:41:48.000Z,2026-07-21T17:41:05.000Z,,AI compute / memory / hyperscalers,high,https://x.com/aleabitoreddit/status/2079622706572804368
12,COHR,238,284,77,64,97,2025-12-01T17:21:19.000Z,2026-08-07T05:46:59.000Z,,CPO / photonics / optical,high,https://x.com/aleabitoreddit/status/2085603590903902621
13,AMZN,225,267,61,71,93,2025-07-28T08:19:38.000Z,2026-07-31T19:16:17.000Z,,AI compute / memory / hyperscalers,high,https://x.com/aleabitoreddit/status/2083270545320386734
14,TSM,222,259,62,76,84,2025-09-09T05:43:58.000Z,2026-08-06T09:56:42.000Z,,Western supply chain / policy funding,high,https://x.com/aleabitoreddit/status/2085304045099696547
15,CIFR,201,242,13,55,133,2025-09-03T11:31:49.000Z,2026-07-21T17:41:05.000Z,,CPO / photonics / optical,high,https://x.com/aleabitoreddit/status/2079622706572804368
16,CRWV,195,264,15,39,141,2025-07-21T14:13:31.000Z,2026-07-20T17:18:38.000Z,,CPO / photonics / optical,high,https://x.com/aleabitoreddit/status/2079254669793316962
17,MU,189,210,72,60,57,2025-09-25T16:25:58.000Z,2026-08-04T02:34:48.000Z,,AI compute / memory / hyperscalers,high,https://x.com/aleabitoreddit/status/2084468063228060092
18,SOI,187,198,53,66,68,2026-03-11T15:18:28.000Z,2026-07-26T20:12:11.000Z,,CPO / photonics / optical,high,https://x.com/aleabitoreddit/status/2081472671129501729
19,IQE,181,236,51,52,78,2026-01-18T18:38:48.000Z,2026-07-10T08:23:29.000Z,,CPO / photonics / optical,high,https://x.com/aleabitoreddit/status/2075496116481884524
20,HOOD,171,186,31,46,94,2025-07-02T17:28:14.000Z,2026-07-06T21:14:10.000Z,,Valuation / risk / trading behavior,high,https://x.com/aleabitoreddit/status/2074240512593481955
21,SNDK,167,177,77,42,48,2025-11-25T11:38:18.000Z,2026-08-04T02:34:48.000Z,,CPO / photonics / optical,high,https://x.com/aleabitoreddit/status/2084468063228060092
22,RKLB,165,183,30,45,90,2025-07-03T09:05:14.000Z,2026-08-05T00:16:18.000Z,,Valuation / risk / trading behavior,high,https://x.com/aleabitoreddit/status/2084795597417263442
23,AMD,152,179,43,53,56,2025-09-11T17:00:30.000Z,2026-08-07T08:50:01.000Z,,AI compute / memory / hyperscalers,high,https://x.com/aleabitoreddit/status/2085649654059016387
24,POET,150,205,41,34,75,2025-12-11T22:18:06.000Z,2026-08-07T07:26:37.000Z,,CPO / photonics / optical,high,https://x.com/aleabitoreddit/status/2085628664528662818
25,RDDT,148,162,35,35,78,2025-09-14T12:13:57.000Z,2026-07-31T16:18:47.000Z,,AI compute / memory / hyperscalers,high,https://x.com/aleabitoreddit/status/2083225872207937687
26,HIMS,141,197,21,39,81,2025-07-07T14:02:19.000Z,2026-07-06T21:14:10.000Z,,Western supply chain / policy funding,high,https://x.com/aleabitoreddit/status/2074240512593481955
27,AVGO,140,151,47,48,45,2025-09-09T16:26:20.000Z,2026-08-07T05:46:59.000Z,,AI compute / memory / hyperscalers,high,https://x.com/aleabitoreddit/status/2085603590903902621
28,INTC,140,148,58,37,45,2025-09-23T20:48:49.000Z,2026-07-30T18:31:07.000Z,,AI compute / memory / hyperscalers,high,https://x.com/aleabitoreddit/status/2082896789880119590
29,JBL,135,145,27,49,59,2025-12-01T18:25:47.000Z,2026-08-06T22:54:46.000Z,,CPO / photonics / optical,high,https://x.com/aleabitoreddit/status/2085499853099208716
30,TSEM,131,141,41,42,48,2026-02-11T03:05:38.000Z,2026-07-21T17:41:05.000Z,,CPO / photonics / optical,high,https://x.com/aleabitoreddit/status/2079622706572804368
31,ORCL,127,155,20,30,77,2025-09-10T03:25:27.000Z,2026-07-26T20:12:11.000Z,,AI compute / memory / hyperscalers,high,https://x.com/aleabitoreddit/status/2081472671129501729
32,AEHR,127,146,31,37,59,2026-01-16T07:57:59.000Z,2026-07-21T17:41:05.000Z,,CPO / photonics / optical,high,https://x.com/aleabitoreddit/status/2079622706572804368
33,TSLA,106,128,27,33,46,2025-08-25T20:41:48.000Z,2026-07-23T04:35:37.000Z,,AI compute / memory / hyperscalers,high,https://x.com/aleabitoreddit/status/2080149813065396454
34,EWY,105,122,27,45,33,2026-01-13T00:52:08.000Z,2026-06-26T09:50:52.000Z,,Power semiconductors / 800VDC,high,https://x.com/aleabitoreddit/status/2070444675337503166
35,CRCL,98,112,22,31,45,2025-07-03T08:52:34.000Z,2026-06-04T02:00:04.000Z,,Valuation / risk / trading behavior,high,https://x.com/aleabitoreddit/status/2062353660928278820
36,WULF,94,106,5,33,56,2025-09-03T20:38:29.000Z,2026-07-06T12:35:33.000Z,,AI compute / memory / hyperscalers,high,https://x.com/aleabitoreddit/status/2074109998544846954
37,RPI,88,102,15,34,39,2026-02-16T15:05:28.000Z,2026-06-30T01:10:57.000Z,,Western supply chain / policy funding,high,https://x.com/aleabitoreddit/status/2071763387948859506
38,ALAB,83,88,12,34,37,2025-07-21T08:10:50.000Z,2026-07-21T09:14:20.000Z,,AI compute / memory / hyperscalers,high,https://x.com/aleabitoreddit/status/2079495178793201678
39,MTSI,77,80,25,23,29,2026-01-10T15:48:57.000Z,2026-08-07T12:55:47.000Z,,CPO / photonics / optical,high,https://x.com/aleabitoreddit/status/2085711500875116887
40,SMCI,69,89,5,28,36,2025-09-09T05:13:46.000Z,2026-05-20T03:52:43.000Z,,Valuation / risk / trading behavior,high,https://x.com/aleabitoreddit/status/2056946192568012877
41,VLN,69,87,3,7,59,2026-01-09T14:45:15.000Z,2026-04-11T22:37:19.000Z,,Power semiconductors / 800VDC,high,https://x.com/aleabitoreddit/status/2043096081060504057
42,SNAP,67,81,10,22,35,2025-08-23T11:08:15.000Z,2026-06-19T12:19:38.000Z,,AI compute / memory / hyperscalers,high,https://x.com/aleabitoreddit/status/2067945397923037693
43,AAPL,67,69,17,14,36,2026-02-17T02:33:07.000Z,2026-07-15T15:53:21.000Z,,Power semiconductors / 800VDC,high,https://x.com/aleabitoreddit/status/2077421268991926703
44,OSS,61,70,6,14,41,2025-11-05T08:34:14.000Z,2026-05-23T16:55:31.000Z,,CPO / photonics / optical,high,https://x.com/aleabitoreddit/status/2058230354063102028
45,CRDO,59,68,10,22,27,2025-07-21T14:13:31.000Z,2026-03-20T13:00:11.000Z,,Power semiconductors / 800VDC,high,https://x.com/aleabitoreddit/status/2034978307062845936
46,LPK,57,65,18,26,13,2026-04-21T04:43:57.000Z,2026-07-26T20:12:11.000Z,,CPO / photonics / optical,high,https://x.com/aleabitoreddit/status/2081472671129501729
47,GFS,56,70,17,26,13,2026-01-19T22:23:23.000Z,2026-07-29T17:07:41.000Z,,Western supply chain / policy funding,high,https://x.com/aleabitoreddit/status/2082513405219631384
48,VPG,54,68,7,19,28,2026-01-20T17:28:02.000Z,2026-06-08T05:11:38.000Z,,Western supply chain / policy funding,high,https://x.com/aleabitoreddit/status/2063851425462173726
49,XLU,52,56,7,8,37,2026-02-19T18:48:04.000Z,2026-06-19T12:19:38.000Z,,CPO / photonics / optical,high,https://x.com/aleabitoreddit/status/2067945397923037693
50,LPTH,51,60,8,9,34,2026-01-14T10:45:47.000Z,2026-04-24T03:38:13.000Z,,CPO / photonics / optical,high,https://x.com/aleabitoreddit/status/2047520460884353096
51,PLTR,51,53,9,16,26,2025-07-28T09:51:44.000Z,2026-06-25T14:51:04.000Z,,Valuation / risk / trading behavior,high,https://x.com/aleabitoreddit/status/2070157835137434015
52,IBKR,50,52,8,7,35,2025-09-16T18:57:51.000Z,2026-05-20T13:10:12.000Z,,Power semiconductors / 800VDC,high,https://x.com/aleabitoreddit/status/2057086489247555851
53,ARM,48,53,7,20,21,2025-09-29T02:53:26.000Z,2026-06-19T12:19:38.000Z,,Power semiconductors / 800VDC,medium,https://x.com/aleabitoreddit/status/2067945397923037693
54,BMNR,46,52,8,12,26,2025-09-14T19:09:24.000Z,2026-03-07T19:04:18.000Z,,AI compute / memory / hyperscalers,medium,https://x.com/aleabitoreddit/status/2030358901401833716
55,WYFI,44,53,2,19,23,2025-09-08T17:27:45.000Z,2026-07-20T17:18:38.000Z,,AI compute / memory / hyperscalers,medium,https://x.com/aleabitoreddit/status/2079254669793316962
56,ETOR,44,50,10,13,21,2025-08-23T11:08:15.000Z,2026-03-26T07:36:21.000Z,,AI compute / memory / hyperscalers,medium,https://x.com/aleabitoreddit/status/2037071138749087748
57,WLAC,44,48,1,18,25,2025-10-08T19:06:38.000Z,2026-03-17T01:50:44.000Z,,Power semiconductors / 800VDC,medium,https://x.com/aleabitoreddit/status/2033722672035860824
58,ETH,42,53,2,11,29,2025-09-14T12:13:57.000Z,2026-04-08T05:38:18.000Z,,Western supply chain / policy funding,medium,https://x.com/aleabitoreddit/status/2041752476542759313
59,AVAV,41,55,6,11,24,2026-01-02T15:35:30.000Z,2026-03-26T06:56:47.000Z,,Power semiconductors / 800VDC,medium,https://x.com/aleabitoreddit/status/2037061185263329434
60,ALRIB,41,44,7,21,13,2026-04-08T17:21:19.000Z,2026-06-19T12:19:38.000Z,,CPO / photonics / optical,medium,https://x.com/aleabitoreddit/status/2067945397923037693
61,MSTR,41,43,10,7,24,2025-07-02T17:35:18.000Z,2026-04-23T08:24:46.000Z,,AI compute / memory / hyperscalers,medium,https://x.com/aleabitoreddit/status/2047230186739900428
62,UPWK,40,42,3,11,26,2025-07-02T10:48:09.000Z,2026-03-20T13:22:03.000Z,,Valuation / risk / trading behavior,medium,https://x.com/aleabitoreddit/status/2034983813009539216
63,FLNC,39,41,4,21,14,2025-10-04T01:22:20.000Z,2026-06-23T15:42:09.000Z,,AI compute / memory / hyperscalers,medium,https://x.com/aleabitoreddit/status/2069445918114697463
64,LASR,36,49,7,8,21,2026-01-23T22:24:24.000Z,2026-05-25T17:49:06.000Z,,CPO / photonics / optical,medium,https://x.com/aleabitoreddit/status/2058968617681899915
65,AIRO,35,46,2,8,25,2026-01-02T12:46:56.000Z,2026-03-26T06:56:47.000Z,,CPO / photonics / optical,medium,https://x.com/aleabitoreddit/status/2037061185263329434
66,SLNH,35,39,2,14,19,2025-09-27T19:11:40.000Z,2026-06-07T10:39:16.000Z,,Power semiconductors / 800VDC,medium,https://x.com/aleabitoreddit/status/2063571485739106593
67,IBIT,35,36,4,14,17,2025-07-02T18:46:58.000Z,2026-04-24T03:38:13.000Z,,Power semiconductors / 800VDC,medium,https://x.com/aleabitoreddit/status/2047520460884353096
68,NVO,34,42,9,12,13,2025-08-23T10:53:56.000Z,2026-05-09T04:51:32.000Z,,AI compute / memory / hyperscalers,medium,https://x.com/aleabitoreddit/status/2052974730429501586
69,UBER,33,43,2,6,25,2025-11-24T15:51:33.000Z,2026-07-24T20:22:41.000Z,,AI compute / memory / hyperscalers,medium,https://x.com/aleabitoreddit/status/2080750537121874206
70,FLY,33,38,0,14,19,2025-10-08T15:51:03.000Z,2026-04-19T21:56:36.000Z,,AI compute / memory / hyperscalers,medium,https://x.com/aleabitoreddit/status/2045984938747646415
71,XFAB,32,54,12,14,6,2026-05-27T07:29:00.000Z,2026-07-31T08:25:39.000Z,,Power semiconductors / 800VDC,medium,https://x.com/aleabitoreddit/status/2083106805949878330
72,FN,32,38,11,14,7,2026-02-25T12:41:36.000Z,2026-07-06T08:25:00.000Z,,CPO / photonics / optical,medium,https://x.com/aleabitoreddit/status/2074046947434860971
73,BKKT,32,35,5,10,17,2025-07-03T08:58:10.000Z,2026-06-07T10:39:16.000Z,,Valuation / risk / trading behavior,medium,https://x.com/aleabitoreddit/status/2063571485739106593
74,ASML,32,33,12,5,15,2025-10-06T22:29:49.000Z,2026-06-30T10:27:55.000Z,,CPO / photonics / optical,medium,https://x.com/aleabitoreddit/status/2071903552608362500
75,ONDS,31,38,4,13,14,2025-09-17T21:25:57.000Z,2026-03-02T18:26:46.000Z,,CPO / photonics / optical,medium,https://x.com/aleabitoreddit/status/2028537514747912643
76,BULL,31,33,7,8,16,2025-07-02T17:28:14.000Z,2026-05-14T23:32:35.000Z,,Valuation / risk / trading behavior,medium,https://x.com/aleabitoreddit/status/2055068788975157672
77,COIN,31,33,11,7,13,2025-07-02T17:35:18.000Z,2026-06-04T02:00:04.000Z,,Power semiconductors / 800VDC,medium,https://x.com/aleabitoreddit/status/2062353660928278820
78,AMKR,30,34,9,14,7,2025-10-19T18:21:35.000Z,2026-07-28T22:25:27.000Z,,CPO / photonics / optical,medium,https://x.com/aleabitoreddit/status/2082230983487803755
79,CVX,30,33,5,9,16,2026-01-03T15:23:20.000Z,2026-04-24T03:38:13.000Z,,Power semiconductors / 800VDC,medium,https://x.com/aleabitoreddit/status/2047520460884353096
80,APLD,29,35,1,11,17,2025-09-17T21:25:57.000Z,2026-01-17T16:27:25.000Z,,Power semiconductors / 800VDC,medium,https://x.com/aleabitoreddit/status/2012562412457562304
81,ASTS,29,33,9,7,13,2025-09-10T13:05:13.000Z,2026-07-08T12:49:57.000Z,,AI compute / memory / hyperscalers,medium,https://x.com/aleabitoreddit/status/2074838397341065516
82,RGTI,29,33,4,12,13,2025-10-03T19:54:48.000Z,2026-04-16T17:29:09.000Z,,AI compute / memory / hyperscalers,medium,https://x.com/aleabitoreddit/status/2044830468299010144
83,KRKNF,29,32,7,10,12,2025-10-29T05:03:08.000Z,2026-03-14T02:08:42.000Z,,Power semiconductors / 800VDC,medium,https://x.com/aleabitoreddit/status/2032640028502012293
84,TE,28,29,3,9,16,2025-10-19T23:52:22.000Z,2026-05-20T16:14:20.000Z,,AI compute / memory / hyperscalers,medium,https://x.com/aleabitoreddit/status/2057132829583274036
85,OKLO,28,28,1,11,16,2025-08-25T20:24:17.000Z,2025-12-14T23:58:49.000Z,,Western supply chain / policy funding,medium,https://x.com/aleabitoreddit/status/2000354823435420024
86,BTC,27,31,5,7,15,2025-07-02T18:46:58.000Z,2026-02-02T11:23:56.000Z,,AI compute / memory / hyperscalers,medium,https://x.com/aleabitoreddit/status/2018284243852607499
87,LTC,27,29,2,11,14,2025-09-11T16:06:46.000Z,2025-12-12T03:57:31.000Z,,AI compute / memory / hyperscalers,medium,https://x.com/aleabitoreddit/status/1999327731478331891
88,HPS.A,27,28,2,16,9,2026-04-07T14:13:19.000Z,2026-06-19T12:19:38.000Z,,CPO / photonics / optical,medium,https://x.com/aleabitoreddit/status/2067945397923037693
89,PYPL,27,27,7,7,13,2025-09-27T17:22:57.000Z,2026-05-30T08:04:27.000Z,,AI compute / memory / hyperscalers,medium,https://x.com/aleabitoreddit/status/2060633424151679287
90,BITF,25,28,0,11,14,2025-09-17T21:48:35.000Z,2025-11-22T12:31:58.000Z,,Power semiconductors / 800VDC,medium,https://x.com/aleabitoreddit/status/1992209440867783085
91,LWLG,24,24,8,6,10,2026-03-11T22:33:28.000Z,2026-05-12T11:00:26.000Z,,CPO / photonics / optical,medium,https://x.com/aleabitoreddit/status/2054154731006955852
92,SPCX,24,24,16,8,0,2026-05-25T17:49:06.000Z,2026-07-22T20:27:50.000Z,,CPO / photonics / optical,medium,https://x.com/aleabitoreddit/status/2080027058063958323
93,VIRT,23,27,2,6,15,2025-09-29T14:59:53.000Z,2026-04-12T14:30:28.000Z,,Western supply chain / policy funding,medium,https://x.com/aleabitoreddit/status/2043335950013809132
94,MP,23,24,5,7,11,2025-09-17T21:48:35.000Z,2026-05-13T22:56:18.000Z,,Power semiconductors / 800VDC,medium,https://x.com/aleabitoreddit/status/2054697272248766580
95,SIVEF,23,23,5,12,6,2026-03-18T04:40:34.000Z,2026-07-21T17:41:05.000Z,,CPO / photonics / optical,medium,https://x.com/aleabitoreddit/status/2079622706572804368
96,UNH,23,23,4,9,10,2025-07-03T09:57:16.000Z,2026-05-30T08:04:27.000Z,,Valuation / risk / trading behavior,medium,https://x.com/aleabitoreddit/status/2060633424151679287
97,GLXY,22,25,3,11,8,2025-09-27T19:50:02.000Z,2026-02-21T07:35:22.000Z,,Power semiconductors / 800VDC,medium,https://x.com/aleabitoreddit/status/2025112091967811613
98,CLSK,21,25,2,8,11,2025-09-03T11:31:49.000Z,2026-07-20T17:18:38.000Z,,CPO / photonics / optical,medium,https://x.com/aleabitoreddit/status/2079254669793316962
99,RIOT,21,23,2,7,12,2025-09-03T11:31:49.000Z,2026-03-19T01:26:31.000Z,,CPO / photonics / optical,medium,https://x.com/aleabitoreddit/status/2034441352172503550
100,SG,21,23,5,6,10,2025-07-03T09:57:16.000Z,2025-11-19T12:09:58.000Z,,Valuation / risk / trading behavior,medium,https://x.com/aleabitoreddit/status/1991116739577307184
101,FORM,21,22,11,3,7,2026-01-22T16:02:53.000Z,2026-08-06T01:23:49.000Z,,CPO / photonics / optical,medium,https://x.com/aleabitoreddit/status/2085174977272360987
102,NOK,21,21,11,4,6,2026-02-18T09:56:46.000Z,2026-06-09T11:52:27.000Z,,CPO / photonics / optical,medium,https://x.com/aleabitoreddit/status/2064314680521507114
103,SPY,21,21,7,2,12,2025-10-10T15:38:20.000Z,2026-04-08T14:01:53.000Z,,Power semiconductors / 800VDC,medium,https://x.com/aleabitoreddit/status/2041879203323297966
104,AEVA,20,26,5,8,7,2026-02-09T18:24:50.000Z,2026-08-06T04:12:45.000Z,,CPO / photonics / optical,medium,https://x.com/aleabitoreddit/status/2085217487864643658
105,GLW,20,20,9,5,6,2026-02-04T23:20:47.000Z,2026-07-13T00:45:13.000Z,,CPO / photonics / optical,medium,https://x.com/aleabitoreddit/status/2076467953995071881
106,SOFI,20,20,4,6,10,2025-07-31T08:38:35.000Z,2026-04-13T01:32:44.000Z,,Power semiconductors / 800VDC,medium,https://x.com/aleabitoreddit/status/2043502616546807965
107,SSYS,19,27,1,0,18,2026-01-15T18:54:26.000Z,2026-02-03T06:10:28.000Z,,Power semiconductors / 800VDC,medium,https://x.com/aleabitoreddit/status/2018567746846601627
108,APPL,19,21,7,6,6,2025-07-28T08:19:38.000Z,2026-02-16T15:12:37.000Z,,Western supply chain / policy funding,medium,https://x.com/aleabitoreddit/status/2023415224372756782
109,DUOL,19,19,8,1,10,2025-08-23T11:08:15.000Z,2026-03-17T13:30:17.000Z,,Valuation / risk / trading behavior,medium,https://x.com/aleabitoreddit/status/2033898720027414616
110,IONQ,19,19,3,9,7,2025-08-25T20:24:17.000Z,2026-04-15T22:49:40.000Z,,AI compute / memory / hyperscalers,medium,https://x.com/aleabitoreddit/status/2044548741903094171
111,CCXI,18,20,10,8,0,2026-06-30T16:34:58.000Z,2026-08-07T08:27:45.000Z,,Power semiconductors / 800VDC,medium,https://x.com/aleabitoreddit/status/2085644051446108223
112,TSSI,18,20,3,10,5,2025-07-03T08:58:10.000Z,2026-01-02T12:46:56.000Z,,Valuation / risk / trading behavior,medium,https://x.com/aleabitoreddit/status/2007071108831338685
113,MARA,17,20,1,6,10,2025-07-02T17:35:18.000Z,2025-11-22T10:42:19.000Z,,CPO / photonics / optical,medium,https://x.com/aleabitoreddit/status/1992181846134968633
114,ASX,17,18,7,7,3,2026-01-24T20:46:07.000Z,2026-07-01T04:40:02.000Z,,CPO / photonics / optical,medium,https://x.com/aleabitoreddit/status/2072178393878290789
115,SIMO,17,17,9,4,4,2026-02-15T09:31:16.000Z,2026-07-05T15:36:44.000Z,,Power semiconductors / 800VDC,medium,https://x.com/aleabitoreddit/status/2073793206408667392
116,NVTS,16,20,7,7,2,2025-09-17T21:25:57.000Z,2026-07-31T08:25:39.000Z,,Power semiconductors / 800VDC,medium,https://x.com/aleabitoreddit/status/2083106805949878330
117,CORZ,16,18,1,5,10,2025-11-02T15:55:21.000Z,2026-01-17T16:27:25.000Z,,Power semiconductors / 800VDC,medium,https://x.com/aleabitoreddit/status/2012562412457562304
118,DELL,16,17,2,5,9,2025-09-16T20:38:34.000Z,2026-05-29T13:57:15.000Z,,Power semiconductors / 800VDC,medium,https://x.com/aleabitoreddit/status/2060359822076477876
119,LULU,16,17,2,6,8,2025-09-10T04:20:50.000Z,2026-05-15T20:28:01.000Z,,AI compute / memory / hyperscalers,medium,https://x.com/aleabitoreddit/status/2055384732121366899
120,QBTS,16,16,0,10,6,2025-09-14T13:35:27.000Z,2026-04-15T22:49:40.000Z,,AI compute / memory / hyperscalers,medium,https://x.com/aleabitoreddit/status/2044548741903094171
121,DPRO,15,22,2,1,12,2025-11-19T13:29:05.000Z,2026-03-26T04:53:00.000Z,,CPO / photonics / optical,medium,https://x.com/aleabitoreddit/status/2037030031223119946
122,GRRR,15,17,0,5,10,2025-09-18T14:47:12.000Z,2025-11-22T10:42:19.000Z,,AI compute / memory / hyperscalers,medium,https://x.com/aleabitoreddit/status/1992181846134968633
123,WOLF,15,17,6,4,5,2026-01-18T18:38:48.000Z,2026-06-15T03:21:12.000Z,,Power semiconductors / 800VDC,medium,https://x.com/aleabitoreddit/status/2066360345774764496
124,BE,15,16,6,5,4,2025-10-04T01:22:20.000Z,2026-07-31T22:52:21.000Z,,CPO / photonics / optical,medium,https://x.com/aleabitoreddit/status/2083324920214536208
125,TGT,15,16,0,7,8,2025-09-18T15:39:18.000Z,2026-01-11T19:45:54.000Z,,Valuation / risk / trading behavior,medium,https://x.com/aleabitoreddit/status/2010438037193601400
126,TER,15,15,7,5,3,2026-01-22T16:02:53.000Z,2026-07-28T22:25:27.000Z,,CPO / photonics / optical,medium,https://x.com/aleabitoreddit/status/2082230983487803755
127,ALMU,14,17,1,3,10,2026-01-14T07:12:38.000Z,2026-05-06T18:11:09.000Z,,CPO / photonics / optical,watchlist,https://x.com/aleabitoreddit/status/2052088795668123744
128,RTX,14,16,5,5,4,2026-01-03T09:43:52.000Z,2026-05-24T20:42:39.000Z,,CPO / photonics / optical,watchlist,https://x.com/aleabitoreddit/status/2058649903300280586
129,EOSE,14,15,1,8,5,2025-09-26T02:59:13.000Z,2026-06-08T06:22:58.000Z,,Power semiconductors / 800VDC,watchlist,https://x.com/aleabitoreddit/status/2063869376542192013
130,ONTO,14,15,7,4,3,2026-01-22T16:02:53.000Z,2026-05-10T07:30:58.000Z,,CPO / photonics / optical,watchlist,https://x.com/aleabitoreddit/status/2053377238532329611
131,ASST,14,14,3,6,5,2026-02-17T08:24:41.000Z,2026-05-19T14:36:19.000Z,,CPO / photonics / optical,watchlist,https://x.com/aleabitoreddit/status/2056745774760026410
132,VRT,14,14,7,4,3,2025-11-20T13:58:15.000Z,2026-07-05T13:38:44.000Z,,CPO / photonics / optical,watchlist,https://x.com/aleabitoreddit/status/2073763512216899825
133,NOC,13,14,4,3,6,2025-10-18T23:27:43.000Z,2026-03-28T17:13:06.000Z,,CPO / photonics / optical,watchlist,https://x.com/aleabitoreddit/status/2037941059251277893
134,SOL,13,13,2,4,7,2025-09-12T02:29:00.000Z,2026-02-07T22:10:08.000Z,,Power semiconductors / 800VDC,watchlist,https://x.com/aleabitoreddit/status/2020258804953411966
135,PL,12,14,5,2,5,2025-07-03T09:05:14.000Z,2026-06-05T15:58:58.000Z,,AI compute / memory / hyperscalers,watchlist,https://x.com/aleabitoreddit/status/2062927167936504133
136,VECO,12,14,4,4,4,2026-01-22T16:02:53.000Z,2026-04-19T21:57:37.000Z,,CPO / photonics / optical,watchlist,https://x.com/aleabitoreddit/status/2045985194587602993
137,DJT,12,13,1,3,8,2025-07-28T08:19:39.000Z,2026-01-28T19:06:26.000Z,,Valuation / risk / trading behavior,watchlist,https://x.com/aleabitoreddit/status/2016588696133468422
138,GME,12,13,2,2,8,2025-07-03T09:57:16.000Z,2026-04-06T20:55:54.000Z,,Valuation / risk / trading behavior,watchlist,https://x.com/aleabitoreddit/status/2041258618906136658
139,AMC,12,12,3,4,5,2025-09-10T13:05:13.000Z,2026-04-06T20:55:54.000Z,,Power semiconductors / 800VDC,watchlist,https://x.com/aleabitoreddit/status/2041258618906136658
140,HUT,12,12,4,5,3,2025-09-03T11:31:49.000Z,2026-07-20T17:18:38.000Z,,CPO / photonics / optical,watchlist,https://x.com/aleabitoreddit/status/2079254669793316962
141,TTD,12,12,2,6,4,2025-12-04T14:06:54.000Z,2026-06-19T12:19:38.000Z,,CPO / photonics / optical,watchlist,https://x.com/aleabitoreddit/status/2067945397923037693
142,CODA,11,14,6,1,4,2026-01-18T18:38:48.000Z,2026-03-13T20:17:39.000Z,,CPO / photonics / optical,watchlist,https://x.com/aleabitoreddit/status/2032551687089746239
143,AIXA,11,12,2,1,8,2026-03-13T22:20:54.000Z,2026-05-07T08:55:13.000Z,,CPO / photonics / optical,watchlist,https://x.com/aleabitoreddit/status/2052311278778188106
144,VCX,11,12,1,5,5,2026-03-25T10:54:22.000Z,2026-05-17T13:14:26.000Z,,Valuation / risk / trading behavior,watchlist,https://x.com/aleabitoreddit/status/2056000392090296524
145,VICR,11,12,3,5,3,2026-01-15T18:54:26.000Z,2026-06-09T11:52:27.000Z,,CPO / photonics / optical,watchlist,https://x.com/aleabitoreddit/status/2064314680521507114
146,CAMT,11,11,6,2,3,2026-01-22T16:17:24.000Z,2026-06-20T03:52:23.000Z,,CPO / photonics / optical,watchlist,https://x.com/aleabitoreddit/status/2068180134667182470
147,OPEN,11,11,2,2,7,2025-07-23T06:09:14.000Z,2025-10-25T06:25:30.000Z,,AI compute / memory / hyperscalers,watchlist,https://x.com/aleabitoreddit/status/1981970353263108444
148,SHMD,11,11,1,1,9,2026-01-01T15:24:06.000Z,2026-06-07T02:07:23.000Z,,CPO / photonics / optical,watchlist,https://x.com/aleabitoreddit/status/2063442668844167613
149,DOWA,10,12,0,3,7,2025-12-28T16:38:38.000Z,2026-01-09T02:04:41.000Z,,CPO / photonics / optical,watchlist,https://x.com/aleabitoreddit/status/2009446195933139114
150,VNP,10,12,2,2,6,2026-01-26T15:14:41.000Z,2026-04-09T10:55:15.000Z,,CPO / photonics / optical,watchlist,https://x.com/aleabitoreddit/status/2042194625990123834
151,HIMX,10,11,4,4,2,2026-03-17T12:38:10.000Z,2026-07-04T18:02:28.000Z,,CPO / photonics / optical,watchlist,https://x.com/aleabitoreddit/status/2073467493998555192
152,AMAT,10,10,4,2,4,2026-01-13T03:25:40.000Z,2026-06-07T02:07:23.000Z,,CPO / photonics / optical,watchlist,https://x.com/aleabitoreddit/status/2063442668844167613
153,FIG,10,10,3,1,6,2025-09-25T16:57:44.000Z,2026-05-30T04:24:41.000Z,,CPO / photonics / optical,watchlist,https://x.com/aleabitoreddit/status/2060578117320904884
154,QLCM,10,10,3,3,4,2025-10-10T22:06:04.000Z,2026-03-30T06:22:39.000Z,,CPO / photonics / optical,watchlist,https://x.com/aleabitoreddit/status/2038502143154331677
155,VST,10,10,3,2,5,2025-09-17T23:13:55.000Z,2026-02-21T14:52:45.000Z,,CPO / photonics / optical,watchlist,https://x.com/aleabitoreddit/status/2025222163251540079
156,AMSC,9,10,1,4,4,2026-04-22T19:12:29.000Z,2026-06-08T06:22:58.000Z,,CPO / photonics / optical,watchlist,https://x.com/aleabitoreddit/status/2063869376542192013
157,DGXX,9,10,0,4,5,2025-10-28T03:54:42.000Z,2025-12-02T00:00:01.000Z,,Power semiconductors / 800VDC,watchlist,https://x.com/aleabitoreddit/status/1995644085563261034
158,LMT,9,10,5,1,3,2026-01-04T03:40:10.000Z,2026-03-31T01:09:12.000Z,,CPO / photonics / optical,watchlist,https://x.com/aleabitoreddit/status/2038785650632397005
159,2000,9,9,2,5,2,2026-03-14T05:55:06.000Z,2026-06-17T06:40:09.000Z,,CPO / photonics / optical,watchlist,https://x.com/aleabitoreddit/status/2067135190640845161
160,CEG,9,9,3,1,5,2025-09-17T23:13:55.000Z,2026-04-09T10:27:36.000Z,,CPO / photonics / optical,watchlist,https://x.com/aleabitoreddit/status/2042187668931616964
161,KRUS,9,9,1,3,5,2025-11-05T01:44:50.000Z,2026-05-21T03:59:21.000Z,,Power semiconductors / 800VDC,watchlist,https://x.com/aleabitoreddit/status/2057310252199301212
162,MXL,9,9,3,3,3,2026-03-17T12:38:10.000Z,2026-08-07T12:55:47.000Z,,CPO / photonics / optical,watchlist,https://x.com/aleabitoreddit/status/2085711500875116887
163,SMTC,9,9,3,4,2,2026-01-22T16:02:53.000Z,2026-08-07T12:55:47.000Z,,CPO / photonics / optical,watchlist,https://x.com/aleabitoreddit/status/2085711500875116887
164,TOWA,9,9,2,4,3,2026-04-29T16:17:11.000Z,2026-06-21T03:32:21.000Z,,CPO / photonics / optical,watchlist,https://x.com/aleabitoreddit/status/2068537478131118438
165,WMT,9,9,1,3,5,2025-11-19T12:09:58.000Z,2026-02-09T03:34:42.000Z,,CPO / photonics / optical,watchlist,https://x.com/aleabitoreddit/status/2020702873458463137
166,YSS,9,9,2,3,4,2026-04-30T18:20:29.000Z,2026-06-09T07:21:45.000Z,,CPO / photonics / optical,watchlist,https://x.com/aleabitoreddit/status/2064246556690469123
167,SLV,8,15,2,3,3,2026-01-19T22:34:31.000Z,2026-01-30T21:45:18.000Z,,Western supply chain / policy funding,watchlist,https://x.com/aleabitoreddit/status/2017353453790761259
168,SMTOY,8,10,1,2,5,2025-12-26T15:08:13.000Z,2026-01-06T17:32:04.000Z,,CPO / photonics / optical,watchlist,https://x.com/aleabitoreddit/status/2008592416421601528
169,CREDO,8,9,2,4,2,2025-07-21T08:15:56.000Z,2025-09-10T12:45:27.000Z,,AI compute / memory / hyperscalers,watchlist,https://x.com/aleabitoreddit/status/1965758520265236991
170,CRM,8,9,2,2,4,2025-09-26T17:18:00.000Z,2026-06-25T14:51:04.000Z,,CPO / photonics / optical,watchlist,https://x.com/aleabitoreddit/status/2070157835137434015
171,GDRZF,8,9,1,6,1,2026-01-04T10:18:01.000Z,2026-05-23T16:55:31.000Z,,CPO / photonics / optical,watchlist,https://x.com/aleabitoreddit/status/2058230354063102028
172,POWI,8,9,4,3,1,2026-05-27T02:49:43.000Z,2026-07-31T08:25:39.000Z,,Power semiconductors / 800VDC,watchlist,https://x.com/aleabitoreddit/status/2083106805949878330
173,SEI,8,9,0,5,3,2025-10-07T01:38:39.000Z,2025-12-14T23:58:49.000Z,,Power semiconductors / 800VDC,watchlist,https://x.com/aleabitoreddit/status/2000354823435420024
174,SKYT,8,9,3,0,5,2026-01-02T16:55:22.000Z,2026-03-24T02:09:07.000Z,,CPO / photonics / optical,watchlist,https://x.com/aleabitoreddit/status/2036264013370368378
175,USAR,8,9,4,0,4,2026-01-26T15:14:41.000Z,2026-03-31T03:17:04.000Z,,CPO / photonics / optical,watchlist,https://x.com/aleabitoreddit/status/2038817828275642424
176,KEYS,8,8,6,1,1,2026-03-17T12:38:10.000Z,2026-04-29T21:40:20.000Z,,CPO / photonics / optical,watchlist,https://x.com/aleabitoreddit/status/2049604721766494640
177,LEU,8,8,0,2,6,2026-01-18T19:25:01.000Z,2026-01-29T21:16:10.000Z,,Western supply chain / policy funding,watchlist,https://x.com/aleabitoreddit/status/2016983734407614742
178,BTBT,7,11,1,0,6,2025-09-16T20:38:34.000Z,2025-10-31T19:26:50.000Z,,Power semiconductors / 800VDC,watchlist,https://x.com/aleabitoreddit/status/1984341310070038741
179,OUST,7,10,1,3,3,2026-01-07T01:26:38.000Z,2026-07-07T19:49:55.000Z,,CPO / photonics / optical,watchlist,https://x.com/aleabitoreddit/status/2074581698604593367
180,ASHM,7,9,0,3,4,2026-01-03T15:23:20.000Z,2026-01-05T17:53:10.000Z,,Power semiconductors / 800VDC,watchlist,https://x.com/aleabitoreddit/status/2008235337643086305
181,VIAV,7,9,4,0,3,2026-03-17T12:38:10.000Z,2026-08-06T01:23:49.000Z,,CPO / photonics / optical,watchlist,https://x.com/aleabitoreddit/status/2085174977272360987
182,CLS,7,8,0,5,2,2025-10-29T05:03:08.000Z,2026-06-09T11:52:27.000Z,,Power semiconductors / 800VDC,watchlist,https://x.com/aleabitoreddit/status/2064314680521507114
183,1600,7,7,0,2,5,2025-09-13T09:44:24.000Z,2026-01-30T16:26:44.000Z,,Power semiconductors / 800VDC,watchlist,https://x.com/aleabitoreddit/status/2017273281800532479
184,DFLI,7,7,0,4,3,2025-10-08T15:51:03.000Z,2025-10-15T07:42:21.000Z,,Power semiconductors / 800VDC,watchlist,https://x.com/aleabitoreddit/status/1978365814941384882
185,FLKR,7,7,2,1,4,2026-01-13T00:52:08.000Z,2026-02-27T00:56:41.000Z,,Power semiconductors / 800VDC,watchlist,https://x.com/aleabitoreddit/status/2027186089170256147
186,KLAC,7,7,3,3,1,2026-01-22T16:02:53.000Z,2026-05-10T07:30:58.000Z,,CPO / photonics / optical,watchlist,https://x.com/aleabitoreddit/status/2053377238532329611
187,KTOS,7,7,2,1,4,2025-10-29T05:03:08.000Z,2026-01-19T23:22:50.000Z,,AI compute / memory / hyperscalers,watchlist,https://x.com/aleabitoreddit/status/2013391730410955200
188,OPTT,7,7,2,1,4,2026-01-24T19:28:50.000Z,2026-03-13T20:37:07.000Z,,Western supply chain / policy funding,watchlist,https://x.com/aleabitoreddit/status/2032556584493265238
189,RR,7,7,0,6,1,2025-09-30T06:59:06.000Z,2026-05-12T23:00:30.000Z,,Power semiconductors / 800VDC,watchlist,https://x.com/aleabitoreddit/status/2054335940026573222
190,SLOIF,7,7,3,2,2,2026-03-01T20:20:10.000Z,2026-03-18T10:16:13.000Z,,CPO / photonics / optical,watchlist,https://x.com/aleabitoreddit/status/2034212267487793348
191,UAVS,7,7,1,1,5,2026-01-14T10:48:07.000Z,2026-03-08T19:40:48.000Z,,CPO / photonics / optical,watchlist,https://x.com/aleabitoreddit/status/2030730472104530191
192,WDC,7,7,6,0,1,2026-02-15T06:55:33.000Z,2026-04-03T02:35:36.000Z,,Power semiconductors / 800VDC,watchlist,https://x.com/aleabitoreddit/status/2039894556871913726
193,CPSH,6,13,2,2,2,2026-01-18T18:38:48.000Z,2026-02-21T07:35:22.000Z,,CPO / photonics / optical,watchlist,https://x.com/aleabitoreddit/status/2025112091967811613
194,BA,6,10,1,3,2,2026-01-03T09:43:52.000Z,2026-03-24T03:51:08.000Z,,CPO / photonics / optical,watchlist,https://x.com/aleabitoreddit/status/2036289688227684729
195,AMBA,6,7,1,3,2,2026-01-15T18:54:26.000Z,2026-05-12T23:00:30.000Z,,CPO / photonics / optical,watchlist,https://x.com/aleabitoreddit/status/2054335940026573222
196,MPWR,6,7,1,4,1,2025-12-01T17:21:19.000Z,2026-02-12T03:08:09.000Z,,CPO / photonics / optical,watchlist,https://x.com/aleabitoreddit/status/2021783355076026581
197,VSH,6,7,1,3,2,2026-02-06T07:45:38.000Z,2026-07-20T06:22:41.000Z,,Western supply chain / policy funding,watchlist,https://x.com/aleabitoreddit/status/2079089592385610023
198,ABAT,6,6,0,1,5,2025-09-18T18:18:04.000Z,2025-10-29T17:39:00.000Z,,Western supply chain / policy funding,watchlist,https://x.com/aleabitoreddit/status/1983589396545990988
199,APH,6,6,4,1,1,2026-01-23T22:49:34.000Z,2026-05-30T21:19:37.000Z,,CPO / photonics / optical,watchlist,https://x.com/aleabitoreddit/status/2060833534814867479
200,CBRS,6,6,2,3,1,2026-05-14T23:26:05.000Z,2026-06-30T14:17:18.000Z,,CPO / photonics / optical,watchlist,https://x.com/aleabitoreddit/status/2071961279380791729
201,CIEN,6,6,3,0,3,2026-01-06T11:41:33.000Z,2026-04-08T04:23:07.000Z,,CPO / photonics / optical,watchlist,https://x.com/aleabitoreddit/status/2041733553642467583
202,CSCO,6,6,4,0,2,2026-01-01T12:50:48.000Z,2026-04-05T17:42:59.000Z,,CPO / photonics / optical,watchlist,https://x.com/aleabitoreddit/status/2040847684496675027
203,ETN,6,6,5,1,0,2026-02-07T10:53:42.000Z,2026-07-05T13:38:44.000Z,,CPO / photonics / optical,watchlist,https://x.com/aleabitoreddit/status/2073763512216899825
204,JPM,6,6,4,1,1,2025-12-22T14:17:29.000Z,2026-04-30T17:35:52.000Z,,Power semiconductors / 800VDC,watchlist,https://x.com/aleabitoreddit/status/2049905588197568560
205,NET,6,6,1,4,1,2025-10-13T15:51:02.000Z,2026-02-27T14:40:21.000Z,,Power semiconductors / 800VDC,watchlist,https://x.com/aleabitoreddit/status/2027393372953174177
206,PINS,6,6,4,0,2,2025-12-31T19:30:17.000Z,2026-03-27T00:07:43.000Z,,Power semiconductors / 800VDC,watchlist,https://x.com/aleabitoreddit/status/2037320624746729756
207,QCOM,6,6,2,1,3,2026-02-12T05:17:56.000Z,2026-07-26T20:12:11.000Z,,CPO / photonics / optical,watchlist,https://x.com/aleabitoreddit/status/2081472671129501729
208,SPRB,6,6,0,3,3,2025-10-06T20:19:12.000Z,2025-10-08T15:59:18.000Z,,AI compute / memory / hyperscalers,watchlist,https://x.com/aleabitoreddit/status/1975954160949551426
209,UAMY,6,6,2,0,4,2025-10-18T23:39:59.000Z,2026-01-29T15:51:01.000Z,,Western supply chain / policy funding,watchlist,https://x.com/aleabitoreddit/status/2016901907676278904
210,VLO,5,7,1,2,2,2026-01-03T09:43:52.000Z,2026-01-06T06:28:17.000Z,,Power semiconductors / 800VDC,watchlist,https://x.com/aleabitoreddit/status/2008425368966062263
211,POWL,5,6,1,4,0,2026-04-09T10:27:36.000Z,2026-04-26T17:09:03.000Z,,CPO / photonics / optical,watchlist,https://x.com/aleabitoreddit/status/2048449289152778686
212,VELO,5,6,2,0,3,2026-01-23T21:54:56.000Z,2026-04-04T13:56:39.000Z,,CPO / photonics / optical,watchlist,https://x.com/aleabitoreddit/status/2040428338213507531
213,XLE,5,6,2,1,2,2026-02-19T03:23:19.000Z,2026-02-28T15:24:10.000Z,,CPO / photonics / optical,watchlist,https://x.com/aleabitoreddit/status/2027766785362301395
214,ACMR,5,5,2,1,2,2026-01-13T03:25:40.000Z,2026-06-20T03:52:23.000Z,,CPO / photonics / optical,watchlist,https://x.com/aleabitoreddit/status/2068180134667182470
215,ADBE,5,5,1,1,3,2025-09-10T12:00:51.000Z,2026-03-17T01:43:40.000Z,,CPO / photonics / optical,watchlist,https://x.com/aleabitoreddit/status/2033720895731339435
216,BABA,5,5,2,1,2,2025-09-16T17:53:58.000Z,2026-06-25T00:20:02.000Z,,Power semiconductors / 800VDC,watchlist,https://x.com/aleabitoreddit/status/2069938631817699588
217,BIRD,5,5,2,1,2,2026-04-15T16:16:14.000Z,2026-04-21T18:59:55.000Z,,CPO / photonics / optical,watchlist,https://x.com/aleabitoreddit/status/2046665249001210173
218,DKNG,5,5,1,2,2,2025-10-10T18:04:04.000Z,2025-10-15T06:35:13.000Z,,AI compute / memory / hyperscalers,watchlist,https://x.com/aleabitoreddit/status/1978348921165402239
219,DRAM,5,5,2,2,1,2026-04-03T02:35:36.000Z,2026-06-23T15:42:09.000Z,,CPO / photonics / optical,watchlist,https://x.com/aleabitoreddit/status/2069445918114697463
220,FISV,5,5,2,2,1,2025-11-18T17:19:47.000Z,2026-05-09T04:51:32.000Z,,CPO / photonics / optical,watchlist,https://x.com/aleabitoreddit/status/2052974730429501586
221,GRAB,5,5,0,4,1,2025-09-24T23:11:56.000Z,2025-10-15T07:42:21.000Z,,Power semiconductors / 800VDC,watchlist,https://x.com/aleabitoreddit/status/1978365814941384882
222,HIVE,5,5,0,2,3,2025-09-28T04:03:16.000Z,2025-11-22T10:42:19.000Z,,Power semiconductors / 800VDC,watchlist,https://x.com/aleabitoreddit/status/1992181846134968633
223,KORU,5,5,1,1,3,2026-02-03T02:15:56.000Z,2026-06-23T15:42:09.000Z,,Power semiconductors / 800VDC,watchlist,https://x.com/aleabitoreddit/status/2069445918114697463
224,LGN,5,5,0,2,3,2025-10-29T17:39:00.000Z,2025-12-14T23:58:49.000Z,,Western supply chain / policy funding,watchlist,https://x.com/aleabitoreddit/status/2000354823435420024
225,LPKFF,5,5,2,1,2,2026-01-18T18:38:48.000Z,2026-04-30T15:40:39.000Z,,CPO / photonics / optical,watchlist,https://x.com/aleabitoreddit/status/2049876593674440706
226,LRCX,5,5,2,0,3,2026-01-13T03:25:40.000Z,2026-05-10T07:30:58.000Z,,CPO / photonics / optical,watchlist,https://x.com/aleabitoreddit/status/2053377238532329611
227,MOD,5,5,1,3,1,2025-12-01T17:21:19.000Z,2026-02-12T03:08:09.000Z,,CPO / photonics / optical,watchlist,https://x.com/aleabitoreddit/status/2021783355076026581
228,RMBS,5,5,0,2,3,2025-12-14T23:58:49.000Z,2026-02-16T13:02:40.000Z,,CPO / photonics / optical,watchlist,https://x.com/aleabitoreddit/status/2023382523745829083
229,STX,5,5,3,1,1,2025-11-25T11:38:18.000Z,2026-02-16T09:09:30.000Z,,AI compute / memory / hyperscalers,watchlist,https://x.com/aleabitoreddit/status/2023323844346618010
230,U,5,5,2,1,2,2026-02-09T18:24:50.000Z,2026-02-27T14:40:21.000Z,,Power semiconductors / 800VDC,watchlist,https://x.com/aleabitoreddit/status/2027393372953174177
231,UMAC,5,5,1,2,2,2026-01-08T14:52:42.000Z,2026-01-24T16:16:57.000Z,,CPO / photonics / optical,watchlist,https://x.com/aleabitoreddit/status/2015096496019112151
232,HII,4,8,0,4,0,2026-01-03T09:43:52.000Z,2026-03-10T19:48:32.000Z,,Power semiconductors / 800VDC,low,https://x.com/aleabitoreddit/status/2031457195091759114
233,INFQ,4,7,2,1,1,2026-02-18T14:54:07.000Z,2026-03-19T00:10:35.000Z,,CPO / photonics / optical,low,https://x.com/aleabitoreddit/status/2034422243594530857
234,RBRK,4,6,0,4,0,2025-10-11T18:32:44.000Z,2025-10-19T18:21:35.000Z,,Power semiconductors / 800VDC,low,https://x.com/aleabitoreddit/status/1979976235825635419
235,TRGP,4,6,0,3,1,2026-01-03T16:02:08.000Z,2026-01-05T17:53:10.000Z,,Power semiconductors / 800VDC,low,https://x.com/aleabitoreddit/status/2008235337643086305
236,ATOM,4,5,1,1,2,2026-03-07T15:55:01.000Z,2026-05-12T23:00:30.000Z,,Western supply chain / policy funding,low,https://x.com/aleabitoreddit/status/2054335940026573222
237,BOT,4,5,1,3,0,2026-05-12T23:00:30.000Z,2026-05-20T02:52:11.000Z,,Power semiconductors / 800VDC,low,https://x.com/aleabitoreddit/status/2056930958276985055
238,MRAM,4,5,1,1,2,2026-01-22T16:16:45.000Z,2026-05-12T23:00:30.000Z,,AI compute / memory / hyperscalers,low,https://x.com/aleabitoreddit/status/2054335940026573222
239,PLPC,4,5,1,2,1,2026-04-22T19:12:29.000Z,2026-05-05T22:48:16.000Z,,CPO / photonics / optical,low,https://x.com/aleabitoreddit/status/2051796147031949708
240,XPEV,4,5,1,1,2,2025-12-22T06:12:11.000Z,2026-07-12T10:12:33.000Z,,Western supply chain / policy funding,low,https://x.com/aleabitoreddit/status/2076248337863639506
241,1000,4,4,1,2,1,2025-10-08T07:19:34.000Z,2026-05-11T15:20:48.000Z,,CPO / photonics / optical,low,https://x.com/aleabitoreddit/status/2053857864637436221
242,AMSL,4,4,1,0,3,2025-10-16T23:23:56.000Z,2026-04-30T01:00:27.000Z,,CPO / photonics / optical,low,https://x.com/aleabitoreddit/status/2049655082250314014
243,APP,4,4,2,0,2,2025-09-08T16:08:23.000Z,2026-02-13T00:36:35.000Z,,Valuation / risk / trading behavior,low,https://x.com/aleabitoreddit/status/2022107598821187815
244,ASPI,4,4,1,2,1,2026-01-28T19:13:35.000Z,2026-05-31T14:30:59.000Z,,Western supply chain / policy funding,low,https://x.com/aleabitoreddit/status/2061093085568966664
245,BESI,4,4,2,1,1,2026-01-24T20:46:07.000Z,2026-03-20T08:56:10.000Z,,CPO / photonics / optical,low,https://x.com/aleabitoreddit/status/2034916899021365725
246,BKSY,4,4,2,1,1,2025-07-03T08:58:10.000Z,2026-03-24T06:29:34.000Z,,CPO / photonics / optical,low,https://x.com/aleabitoreddit/status/2036329557444403424
247,BZAI,4,4,0,3,1,2025-10-15T07:42:21.000Z,2026-04-11T22:37:19.000Z,,Power semiconductors / 800VDC,low,https://x.com/aleabitoreddit/status/2043096081060504057
248,CDNS,4,4,3,1,0,2025-10-10T22:06:04.000Z,2026-05-13T22:53:50.000Z,,CPO / photonics / optical,low,https://x.com/aleabitoreddit/status/2054696650539688271
249,COPX,4,4,2,1,1,2026-01-24T16:16:57.000Z,2026-03-14T21:20:07.000Z,,CPO / photonics / optical,low,https://x.com/aleabitoreddit/status/2032929794275553400
250,ERIC,4,4,1,3,0,2026-03-24T03:51:08.000Z,2026-05-05T07:36:24.000Z,,CPO / photonics / optical,low,https://x.com/aleabitoreddit/status/2051566667009073315
251,FI,4,4,0,1,3,2025-10-29T13:22:58.000Z,2025-11-01T12:33:52.000Z,,Power semiconductors / 800VDC,low,https://x.com/aleabitoreddit/status/1984599773094265248
252,GLD,4,4,0,2,2,2025-10-16T22:45:51.000Z,2026-03-28T15:32:25.000Z,,CPO / photonics / optical,low,https://x.com/aleabitoreddit/status/2037915721435587028
253,JD,4,4,1,1,2,2025-09-16T17:53:58.000Z,2026-07-04T21:44:39.000Z,,Western supply chain / policy funding,low,https://x.com/aleabitoreddit/status/2073523410643366242
254,KOSPI,4,4,4,0,0,2026-02-27T00:51:21.000Z,2026-06-23T04:10:58.000Z,,Power semiconductors / 800VDC,low,https://x.com/aleabitoreddit/status/2069271973402931511
255,LAC,4,4,2,0,2,2025-09-23T20:48:49.000Z,2026-01-26T15:14:41.000Z,,Western supply chain / policy funding,low,https://x.com/aleabitoreddit/status/2015805598265479518
256,MTRN,4,4,2,0,2,2026-01-18T18:38:48.000Z,2026-03-23T07:37:02.000Z,,CPO / photonics / optical,low,https://x.com/aleabitoreddit/status/2035984148159164870
257,NEE,4,4,2,1,1,2025-10-08T15:02:42.000Z,2026-04-09T10:27:36.000Z,,CPO / photonics / optical,low,https://x.com/aleabitoreddit/status/2042187668931616964
258,NEO,4,4,1,2,1,2026-03-23T07:37:02.000Z,2026-05-12T23:00:30.000Z,,CPO / photonics / optical,low,https://x.com/aleabitoreddit/status/2054335940026573222
259,NKE,4,4,3,0,1,2025-10-10T22:06:04.000Z,2026-04-23T19:21:14.000Z,,Valuation / risk / trading behavior,low,https://x.com/aleabitoreddit/status/2047395389742174406
260,NUAI,4,4,0,0,4,2025-09-26T04:29:20.000Z,2025-10-30T13:27:44.000Z,,Valuation / risk / trading behavior,low,https://x.com/aleabitoreddit/status/1983888553026441260
261,OI,4,4,0,2,2,2026-01-04T03:06:30.000Z,2026-01-04T14:37:56.000Z,,Power semiconductors / 800VDC,low,https://x.com/aleabitoreddit/status/2007823817889263721
262,ON,4,4,1,3,0,2026-02-07T10:53:42.000Z,2026-06-08T06:22:58.000Z,,Power semiconductors / 800VDC,low,https://x.com/aleabitoreddit/status/2063869376542192013
263,PLAB,4,4,1,3,0,2026-01-18T18:38:48.000Z,2026-04-11T22:37:19.000Z,,CPO / photonics / optical,low,https://x.com/aleabitoreddit/status/2043096081060504057
264,PSTG,4,4,3,0,1,2026-02-15T07:02:57.000Z,2026-02-16T09:09:30.000Z,,AI compute / memory / hyperscalers,low,https://x.com/aleabitoreddit/status/2023323844346618010
265,QQQ,4,4,1,1,2,2025-09-25T16:57:44.000Z,2026-06-26T09:50:52.000Z,,CPO / photonics / optical,low,https://x.com/aleabitoreddit/status/2070444675337503166
266,RCAT,4,4,0,0,4,2026-01-14T07:04:05.000Z,2026-02-08T10:49:17.000Z,,CPO / photonics / optical,low,https://x.com/aleabitoreddit/status/2020449851905909183
267,SPOT,4,4,2,0,2,2025-07-28T08:19:38.000Z,2026-02-27T15:44:12.000Z,,Power semiconductors / 800VDC,low,https://x.com/aleabitoreddit/status/2027409439536619726
268,TTMI,4,4,1,2,1,2025-12-01T17:21:19.000Z,2026-07-20T06:22:41.000Z,,CPO / photonics / optical,low,https://x.com/aleabitoreddit/status/2079089592385610023
269,V,4,4,3,0,1,2026-01-01T12:50:48.000Z,2026-03-19T09:43:35.000Z,,CPO / photonics / optical,low,https://x.com/aleabitoreddit/status/2034566446479822962
270,WEN,4,4,1,2,1,2025-11-02T17:25:30.000Z,2026-06-25T16:55:54.000Z,,CPO / photonics / optical,low,https://x.com/aleabitoreddit/status/2070189253573890167
271,XOM,4,4,3,1,0,2026-01-04T03:06:30.000Z,2026-03-22T03:02:15.000Z,,Power semiconductors / 800VDC,low,https://x.com/aleabitoreddit/status/2035552610078572849
272,GHM,3,5,1,1,1,2026-01-03T15:23:20.000Z,2026-01-18T18:38:48.000Z,,CPO / photonics / optical,low,https://x.com/aleabitoreddit/status/2012957864026087525
273,GRZ.V,3,5,0,1,2,2026-01-04T03:06:30.000Z,2026-01-04T05:15:22.000Z,,Power semiconductors / 800VDC,low,https://x.com/aleabitoreddit/status/2007682243276443931
274,OPAD,3,5,1,1,1,2025-09-18T06:11:11.000Z,2025-10-18T23:07:47.000Z,,AI compute / memory / hyperscalers,low,https://x.com/aleabitoreddit/status/1979685872800010548
275,P4O,3,5,0,2,1,2026-03-25T16:18:25.000Z,2026-03-26T08:57:35.000Z,,AI compute / memory / hyperscalers,low,https://x.com/aleabitoreddit/status/2037091584563691858
276,SYSS,3,5,0,1,2,2026-01-15T21:29:41.000Z,2026-01-16T08:16:18.000Z,,Power semiconductors / 800VDC,low,https://x.com/aleabitoreddit/status/2012076432122630269
277,TEM,3,5,1,0,2,2025-09-26T07:24:43.000Z,2026-03-29T15:44:36.000Z,,CPO / photonics / optical,low,https://x.com/aleabitoreddit/status/2038281177124245842
278,ACLS,3,4,1,1,1,2026-01-22T16:02:53.000Z,2026-03-24T02:09:07.000Z,,CPO / photonics / optical,low,https://x.com/aleabitoreddit/status/2036264013370368378
279,AXT,3,4,0,2,1,2026-01-12T10:55:59.000Z,2026-04-30T22:54:53.000Z,,CPO / photonics / optical,low,https://x.com/aleabitoreddit/status/2049985874193195425
280,CF,3,4,0,2,1,2026-01-03T09:43:52.000Z,2026-01-04T10:18:01.000Z,,Power semiconductors / 800VDC,low,https://x.com/aleabitoreddit/status/2007758407948788162
281,FCX,3,4,2,0,1,2026-01-23T22:49:34.000Z,2026-03-23T07:37:02.000Z,,CPO / photonics / optical,low,https://x.com/aleabitoreddit/status/2035984148159164870
282,JETS,3,4,0,2,1,2026-03-09T15:55:02.000Z,2026-03-22T13:24:17.000Z,,Power semiconductors / 800VDC,low,https://x.com/aleabitoreddit/status/2035709150756511987
283,KLIC,3,4,2,1,0,2026-02-24T17:02:29.000Z,2026-05-12T23:00:30.000Z,,CPO / photonics / optical,low,https://x.com/aleabitoreddit/status/2054335940026573222
284,KSPI,3,4,2,0,1,2025-07-31T08:38:35.000Z,2025-10-02T19:10:25.000Z,,Valuation / risk / trading behavior,low,https://x.com/aleabitoreddit/status/1973827931681312801
285,NFLX,3,4,1,1,1,2025-12-10T20:06:31.000Z,2026-02-27T14:40:21.000Z,,Power semiconductors / 800VDC,low,https://x.com/aleabitoreddit/status/2027393372953174177
286,PATH,3,4,1,0,2,2025-09-30T19:17:39.000Z,2026-01-01T12:50:48.000Z,,CPO / photonics / optical,low,https://x.com/aleabitoreddit/status/2006709693012467774
287,PDYN,3,4,0,0,3,2026-01-16T08:23:25.000Z,2026-01-24T18:19:59.000Z,,CPO / photonics / optical,low,https://x.com/aleabitoreddit/status/2015127456446087428
288,AAL,3,3,0,1,2,2025-09-27T18:08:37.000Z,2026-03-09T16:27:53.000Z,,Power semiconductors / 800VDC,low,https://x.com/aleabitoreddit/status/2031044312289660956
289,ALM,3,3,1,1,1,2026-01-26T15:14:41.000Z,2026-04-04T18:42:01.000Z,,Western supply chain / policy funding,low,https://x.com/aleabitoreddit/status/2040500149877891563
290,ANET,3,3,2,1,0,2025-12-01T17:21:19.000Z,2026-02-04T22:48:03.000Z,,CPO / photonics / optical,low,https://x.com/aleabitoreddit/status/2019181182026686661
291,AOSL,3,3,1,1,1,2026-04-22T18:37:22.000Z,2026-06-26T00:34:45.000Z,,Power semiconductors / 800VDC,low,https://x.com/aleabitoreddit/status/2070304723262210194
292,ARKK,3,3,1,0,2,2026-03-14T21:28:08.000Z,2026-03-22T03:02:15.000Z,,CPO / photonics / optical,low,https://x.com/aleabitoreddit/status/2035552610078572849
293,ASE,3,3,2,0,1,2026-04-05T17:24:11.000Z,2026-04-26T17:54:34.000Z,,CPO / photonics / optical,low,https://x.com/aleabitoreddit/status/2048460743365083320
294,ATEYY,3,3,3,0,0,2026-04-05T17:24:11.000Z,2026-04-20T18:57:12.000Z,,CPO / photonics / optical,low,https://x.com/aleabitoreddit/status/2046302180001673341
295,AXIA,3,3,0,1,2,2026-03-18T18:48:20.000Z,2026-04-08T14:42:02.000Z,,CPO / photonics / optical,low,https://x.com/aleabitoreddit/status/2041889308416839808
296,BBW,3,3,0,1,2,2026-01-25T19:24:36.000Z,2026-01-25T19:45:52.000Z,,AI compute / memory / hyperscalers,low,https://x.com/aleabitoreddit/status/2015511455899197713
297,BESIY,3,3,1,1,1,2026-02-07T10:53:42.000Z,2026-03-13T22:34:07.000Z,,CPO / photonics / optical,low,https://x.com/aleabitoreddit/status/2032586030059237713
298,BOA,3,3,2,1,0,2026-01-01T12:50:48.000Z,2026-05-08T09:18:44.000Z,,CPO / photonics / optical,low,https://x.com/aleabitoreddit/status/2052679583892426925
299,BYD,3,3,0,0,3,2025-09-24T16:42:54.000Z,2026-01-17T13:33:01.000Z,,Western supply chain / policy funding,low,https://x.com/aleabitoreddit/status/2012518524087144515
300,CRWD,3,3,1,1,1,2025-10-13T15:51:02.000Z,2026-02-21T09:35:54.000Z,,CPO / photonics / optical,low,https://x.com/aleabitoreddit/status/2025142428177760459
301,EBAY,3,3,3,0,0,2026-02-16T09:05:50.000Z,2026-02-16T09:09:30.000Z,,AI compute / memory / hyperscalers,low,https://x.com/aleabitoreddit/status/2023323844346618010
302,EOS.AX,3,3,0,2,1,2026-04-03T03:21:21.000Z,2026-04-11T22:37:19.000Z,,Power semiconductors / 800VDC,low,https://x.com/aleabitoreddit/status/2043096081060504057
303,EQR.AX,3,3,0,2,1,2026-04-03T03:21:21.000Z,2026-04-11T22:37:19.000Z,,Western supply chain / policy funding,low,https://x.com/aleabitoreddit/status/2043096081060504057
304,ESLT,3,3,1,0,2,2026-03-02T13:25:41.000Z,2026-03-10T20:16:08.000Z,,Other / unclassified,low,https://x.com/aleabitoreddit/status/2031464140028654077
305,GD,3,3,0,1,2,2026-03-10T19:48:32.000Z,2026-03-10T22:27:11.000Z,,Western supply chain / policy funding,low,https://x.com/aleabitoreddit/status/2031497121468383529
306,GM,3,3,1,1,1,2025-11-25T15:06:49.000Z,2026-07-05T20:32:55.000Z,,Power semiconductors / 800VDC,low,https://x.com/aleabitoreddit/status/2073867745243127973
307,HY9H,3,3,0,1,2,2026-01-25T22:26:18.000Z,2026-02-03T02:06:19.000Z,,Power semiconductors / 800VDC,low,https://x.com/aleabitoreddit/status/2018506303736569942
308,IFNNY,3,3,1,2,0,2026-02-07T10:53:42.000Z,2026-06-08T06:22:58.000Z,,CPO / photonics / optical,low,https://x.com/aleabitoreddit/status/2063869376542192013
309,LNG,3,3,0,1,2,2026-03-04T08:15:11.000Z,2026-03-28T17:26:42.000Z,,Other / unclassified,low,https://x.com/aleabitoreddit/status/2037944481199358169
310,LSCC,3,3,0,3,0,2026-01-10T15:48:57.000Z,2026-05-12T23:00:30.000Z,,Power semiconductors / 800VDC,low,https://x.com/aleabitoreddit/status/2054335940026573222
311,LUNR,3,3,0,0,3,2025-09-24T16:09:44.000Z,2026-03-04T19:01:12.000Z,,Power semiconductors / 800VDC,low,https://x.com/aleabitoreddit/status/2029270954715824141
312,MELI,3,3,1,2,0,2026-02-02T04:49:49.000Z,2026-07-04T21:44:39.000Z,,Western supply chain / policy funding,low,https://x.com/aleabitoreddit/status/2073523410643366242
313,MIND,3,3,1,1,1,2026-03-10T19:48:32.000Z,2026-03-10T20:28:00.000Z,,Western supply chain / policy funding,low,https://x.com/aleabitoreddit/status/2031467126855545005
314,MOG.A,3,3,0,2,1,2026-01-15T18:54:26.000Z,2026-04-24T03:38:13.000Z,,CPO / photonics / optical,low,https://x.com/aleabitoreddit/status/2047520460884353096
315,MQ,3,3,0,0,3,2025-10-30T17:47:31.000Z,2025-11-05T21:55:21.000Z,,Other / unclassified,low,https://x.com/aleabitoreddit/status/1986190626342445125
316,NFE,3,3,0,1,2,2025-09-17T23:13:55.000Z,2025-09-26T02:59:13.000Z,,Other / unclassified,low,https://x.com/aleabitoreddit/status/1971409193543532715
317,NKLR,3,3,0,2,1,2025-10-15T07:42:21.000Z,2025-10-18T23:13:37.000Z,,Power semiconductors / 800VDC,low,https://x.com/aleabitoreddit/status/1979687339522990150
318,NTAP,3,3,3,0,0,2026-02-16T09:05:50.000Z,2026-02-16T09:09:30.000Z,,AI compute / memory / hyperscalers,low,https://x.com/aleabitoreddit/status/2023323844346618010
319,OSCR,3,3,1,1,1,2025-07-02T20:38:45.000Z,2025-09-19T21:35:29.000Z,,Other / unclassified,low,https://x.com/aleabitoreddit/status/1969153398034366747
320,RDW,3,3,2,0,1,2025-07-03T09:05:14.000Z,2026-02-13T00:36:35.000Z,,CPO / photonics / optical,low,https://x.com/aleabitoreddit/status/2022107598821187815
321,RKT,3,3,2,0,1,2025-07-23T05:53:22.000Z,2025-09-18T06:11:11.000Z,,Valuation / risk / trading behavior,low,https://x.com/aleabitoreddit/status/1968558402344292701
322,RVI,3,3,1,1,1,2026-02-18T02:16:13.000Z,2026-03-08T19:40:48.000Z,,Power semiconductors / 800VDC,low,https://x.com/aleabitoreddit/status/2030730472104530191
323,SHAZ,3,3,3,0,0,2026-07-05T09:45:22.000Z,2026-07-30T18:31:07.000Z,,AI compute / memory / hyperscalers,low,https://x.com/aleabitoreddit/status/2082896789880119590
324,SHOP,3,3,0,3,0,2025-11-17T16:12:21.000Z,2025-12-05T20:06:56.000Z,,AI compute / memory / hyperscalers,low,https://x.com/aleabitoreddit/status/1997034977524121633
325,SKHY,3,3,3,0,0,2026-07-17T03:16:07.000Z,2026-07-30T18:31:07.000Z,,Valuation / risk / trading behavior,low,https://x.com/aleabitoreddit/status/2082896789880119590
326,STM,3,3,2,1,0,2026-02-07T13:44:23.000Z,2026-05-30T21:19:37.000Z,,CPO / photonics / optical,low,https://x.com/aleabitoreddit/status/2060833534814867479
327,TDY,3,3,1,2,0,2026-01-18T18:38:48.000Z,2026-03-25T16:18:25.000Z,,CPO / photonics / optical,low,https://x.com/aleabitoreddit/status/2036840136730935736
328,TEL,3,3,2,0,1,2026-01-23T22:49:34.000Z,2026-03-20T08:56:10.000Z,,CPO / photonics / optical,low,https://x.com/aleabitoreddit/status/2034916899021365725
329,UMC,3,3,3,0,0,2026-03-17T12:38:10.000Z,2026-04-18T18:10:59.000Z,,CPO / photonics / optical,low,https://x.com/aleabitoreddit/status/2045565771234021468
330,USDC,3,3,0,0,3,2025-12-21T08:49:38.000Z,2026-01-02T14:42:02.000Z,,Power semiconductors / 800VDC,low,https://x.com/aleabitoreddit/status/2007100073252098393
331,VIX,3,3,1,1,1,2025-10-01T00:49:43.000Z,2026-02-07T22:10:08.000Z,,CPO / photonics / optical,low,https://x.com/aleabitoreddit/status/2020258804953411966
332,XRP,3,3,1,0,2,2025-09-12T02:29:00.000Z,2026-01-01T12:50:48.000Z,,CPO / photonics / optical,low,https://x.com/aleabitoreddit/status/2006709693012467774
333,PAYP,2,4,1,0,1,2026-03-13T05:53:16.000Z,2026-03-13T06:08:42.000Z,,Western supply chain / policy funding,low,https://x.com/aleabitoreddit/status/2032338040925065431
334,ALPD,2,3,0,0,2,2025-11-19T18:32:00.000Z,2025-12-11T02:09:05.000Z,,AI compute / memory / hyperscalers,low,https://x.com/aleabitoreddit/status/1998938055798059484
335,ENAFF,2,3,0,2,0,2026-04-03T03:21:21.000Z,2026-04-11T22:37:19.000Z,,Western supply chain / policy funding,low,https://x.com/aleabitoreddit/status/2043096081060504057
336,LCID,2,3,1,1,0,2026-03-28T06:31:23.000Z,2026-03-29T04:21:59.000Z,,Western supply chain / policy funding,low,https://x.com/aleabitoreddit/status/2038109389111062832
337,NB,2,3,1,0,1,2026-01-26T15:45:50.000Z,2026-03-23T07:37:02.000Z,,Western supply chain / policy funding,low,https://x.com/aleabitoreddit/status/2035984148159164870
338,NOVT,2,3,0,2,0,2026-01-16T07:57:59.000Z,2026-05-12T23:00:30.000Z,,Power semiconductors / 800VDC,low,https://x.com/aleabitoreddit/status/2054335940026573222
339,NVDA-MARGIN,2,3,0,1,1,2026-01-10T15:48:57.000Z,2026-01-10T17:53:23.000Z,,Valuation / risk / trading behavior,low,https://x.com/aleabitoreddit/status/2010047332235260390
340,PDFS,2,3,2,0,0,2026-01-18T18:38:48.000Z,2026-03-24T02:09:07.000Z,,CPO / photonics / optical,low,https://x.com/aleabitoreddit/status/2036264013370368378
341,PSX,2,3,1,1,0,2026-01-03T16:31:04.000Z,2026-01-06T01:37:00.000Z,,Power semiconductors / 800VDC,low,https://x.com/aleabitoreddit/status/2008352067765837942
342,QUBT,2,3,1,1,0,2025-10-11T18:32:44.000Z,2026-03-24T02:09:07.000Z,,AI compute / memory / hyperscalers,low,https://x.com/aleabitoreddit/status/2036264013370368378
343,TECK,2,3,2,0,0,2026-01-26T15:14:41.000Z,2026-03-23T07:37:02.000Z,,Western supply chain / policy funding,low,https://x.com/aleabitoreddit/status/2035984148159164870
344,2400,2,2,0,2,0,2025-09-25T16:02:44.000Z,2025-12-30T08:27:03.000Z,,CPO / photonics / optical,low,https://x.com/aleabitoreddit/status/2005918544924664315
345,4800,2,2,0,1,1,2025-09-13T09:44:24.000Z,2025-09-15T06:40:43.000Z,,Other / unclassified,low,https://x.com/aleabitoreddit/status/1967478670878188019
346,AA,2,2,2,0,0,2026-01-26T15:14:41.000Z,2026-03-28T16:44:25.000Z,,Western supply chain / policy funding,low,https://x.com/aleabitoreddit/status/2037933841802014891
347,ADUR,2,2,0,2,0,2026-04-03T03:21:21.000Z,2026-04-11T22:37:19.000Z,,Western supply chain / policy funding,low,https://x.com/aleabitoreddit/status/2043096081060504057
348,AIXXF,2,2,2,0,0,2026-02-28T19:35:24.000Z,2026-02-28T19:35:44.000Z,,CPO / photonics / optical,low,https://x.com/aleabitoreddit/status/2027830093247300016
349,AL2SI,2,2,0,2,0,2026-04-03T03:21:21.000Z,2026-04-11T22:37:19.000Z,,Western supply chain / policy funding,low,https://x.com/aleabitoreddit/status/2043096081060504057
350,ALCJ,2,2,0,2,0,2026-04-03T03:21:21.000Z,2026-04-11T22:37:19.000Z,,Western supply chain / policy funding,low,https://x.com/aleabitoreddit/status/2043096081060504057
351,ATI,2,2,1,0,1,2026-01-17T09:51:05.000Z,2026-03-23T07:37:02.000Z,,CPO / photonics / optical,low,https://x.com/aleabitoreddit/status/2035984148159164870
352,ATKR,2,2,1,1,0,2026-04-22T19:12:29.000Z,2026-04-26T17:09:03.000Z,,CPO / photonics / optical,low,https://x.com/aleabitoreddit/status/2048449289152778686
353,AUR,2,2,0,1,1,2026-02-09T19:33:18.000Z,2026-05-12T23:00:30.000Z,,Other / unclassified,low,https://x.com/aleabitoreddit/status/2054335940026573222
354,AWS,2,2,0,0,2,2025-11-14T13:57:35.000Z,2025-11-25T01:03:04.000Z,,AI compute / memory / hyperscalers,low,https://x.com/aleabitoreddit/status/1993123237136633899
355,BMBL,2,2,1,0,1,2025-08-31T03:19:41.000Z,2026-02-27T15:07:12.000Z,,Valuation / risk / trading behavior,low,https://x.com/aleabitoreddit/status/2027400128529924167
356,BRK,2,2,1,0,1,2025-09-26T00:16:03.000Z,2026-02-01T23:27:09.000Z,,Power semiconductors / 800VDC,low,https://x.com/aleabitoreddit/status/2018103859647037824
357,BYND,2,2,1,0,1,2025-10-28T12:05:32.000Z,2026-04-05T06:13:01.000Z,,Western supply chain / policy funding,low,https://x.com/aleabitoreddit/status/2040674046405419148
358,CAR,2,2,1,1,0,2026-04-21T01:12:34.000Z,2026-04-21T18:59:55.000Z,,Valuation / risk / trading behavior,low,https://x.com/aleabitoreddit/status/2046665249001210173
359,CHGG,2,2,1,0,1,2026-02-27T14:40:21.000Z,2026-02-27T15:05:27.000Z,,Power semiconductors / 800VDC,low,https://x.com/aleabitoreddit/status/2027399688765558859
360,CMG,2,2,0,0,2,2025-11-05T01:44:50.000Z,2026-04-27T17:59:27.000Z,,AI compute / memory / hyperscalers,low,https://x.com/aleabitoreddit/status/2048824360639836304
361,COST,2,2,1,0,1,2026-02-19T03:26:05.000Z,2026-03-08T15:30:06.000Z,,CPO / photonics / optical,low,https://x.com/aleabitoreddit/status/2030667380855083222
362,CRBS,2,2,1,0,1,2026-05-14T23:01:34.000Z,2026-05-14T23:14:28.000Z,,Western supply chain / policy funding,low,https://x.com/aleabitoreddit/status/2055064231905788025
363,CXMT,2,2,1,1,0,2026-07-26T20:12:11.000Z,2026-07-28T22:25:27.000Z,,CPO / photonics / optical,low,https://x.com/aleabitoreddit/status/2082230983487803755
364,DAL,2,2,0,1,1,2026-03-09T15:55:02.000Z,2026-03-09T16:27:53.000Z,,Power semiconductors / 800VDC,low,https://x.com/aleabitoreddit/status/2031044312289660956
365,DAVE,2,2,1,0,1,2025-09-16T20:38:34.000Z,2025-10-30T17:47:31.000Z,,AI compute / memory / hyperscalers,low,https://x.com/aleabitoreddit/status/1983953927390556171
366,DBRG,2,2,0,0,2,2025-10-30T12:33:18.000Z,2025-10-30T12:40:01.000Z,,Other / unclassified,low,https://x.com/aleabitoreddit/status/1983876545505849642
367,DLO,2,2,1,1,0,2025-09-16T20:38:34.000Z,2025-10-29T05:03:08.000Z,,AI compute / memory / hyperscalers,low,https://x.com/aleabitoreddit/status/1983399179759300943
368,DNUT,2,2,1,0,1,2025-07-23T05:53:22.000Z,2025-07-23T06:09:14.000Z,,Valuation / risk / trading behavior,low,https://x.com/aleabitoreddit/status/1947901801203961876
369,DRS,2,2,1,0,1,2026-03-02T13:01:47.000Z,2026-03-02T13:25:41.000Z,,CPO / photonics / optical,low,https://x.com/aleabitoreddit/status/2028461742783893827
370,ENPH,2,2,0,1,1,2026-03-07T11:31:53.000Z,2026-06-08T06:22:58.000Z,,Other / unclassified,low,https://x.com/aleabitoreddit/status/2063869376542192013
371,ENTG,2,2,0,1,1,2026-01-24T20:46:07.000Z,2026-01-27T12:41:04.000Z,,CPO / photonics / optical,low,https://x.com/aleabitoreddit/status/2016129326824227195
372,ENVX,2,2,0,2,0,2026-04-03T03:21:21.000Z,2026-04-11T22:37:19.000Z,,Western supply chain / policy funding,low,https://x.com/aleabitoreddit/status/2043096081060504057
373,EONR,2,2,0,2,0,2026-04-03T03:21:21.000Z,2026-04-11T22:37:19.000Z,,Western supply chain / policy funding,low,https://x.com/aleabitoreddit/status/2043096081060504057
374,EOS.ASX,2,2,2,0,0,2026-04-05T04:56:46.000Z,2026-06-29T05:26:31.000Z,,CPO / photonics / optical,low,https://x.com/aleabitoreddit/status/2071465314794233905
375,ETORO,2,2,1,0,1,2025-07-02T17:28:14.000Z,2025-07-02T17:35:18.000Z,,Other / unclassified,low,https://x.com/aleabitoreddit/status/1940464309450199197
376,EWJ,2,2,1,0,1,2026-02-26T19:39:32.000Z,2026-02-26T20:04:37.000Z,,CPO / photonics / optical,low,https://x.com/aleabitoreddit/status/2027112586953756784
377,EXA,2,2,1,1,0,2026-03-10T19:48:32.000Z,2026-03-10T20:16:08.000Z,,Western supply chain / policy funding,low,https://x.com/aleabitoreddit/status/2031464140028654077
378,EXALF,2,2,2,0,0,2026-03-10T19:15:06.000Z,2026-03-10T19:15:16.000Z,,Other / unclassified,low,https://x.com/aleabitoreddit/status/2031448823164436895
379,FEIM,2,2,1,0,1,2026-01-18T18:38:48.000Z,2026-01-18T19:05:10.000Z,,CPO / photonics / optical,low,https://x.com/aleabitoreddit/status/2012964500702642525
380,GAP,2,2,0,0,2,2025-09-22T20:32:32.000Z,2025-09-29T21:09:47.000Z,,Valuation / risk / trading behavior,low,https://x.com/aleabitoreddit/status/1972770809073861075
381,GEV,2,2,2,0,0,2026-02-07T07:12:56.000Z,2026-02-15T15:48:07.000Z,,CPO / photonics / optical,low,https://x.com/aleabitoreddit/status/2023061769313542601
382,GOOG,2,2,0,1,1,2025-09-10T07:40:49.000Z,2025-11-18T17:19:47.000Z,,AI compute / memory / hyperscalers,low,https://x.com/aleabitoreddit/status/1990832317766738346
383,HGRAF,2,2,0,2,0,2026-04-03T03:21:21.000Z,2026-04-11T22:37:19.000Z,,Western supply chain / policy funding,low,https://x.com/aleabitoreddit/status/2043096081060504057
384,JOBY,2,2,0,1,1,2025-10-04T20:23:00.000Z,2025-10-04T20:44:08.000Z,,Valuation / risk / trading behavior,low,https://x.com/aleabitoreddit/status/1974576290125795760
385,KLA,2,2,1,1,0,2026-05-01T06:02:46.000Z,2026-05-04T00:39:58.000Z,,CPO / photonics / optical,low,https://x.com/aleabitoreddit/status/2051099481693954525
386,LMND,2,2,0,0,2,2026-01-01T15:50:18.000Z,2026-03-22T03:30:59.000Z,,Valuation / risk / trading behavior,low,https://x.com/aleabitoreddit/status/2035559839221616668
387,LPK.DE,2,2,0,2,0,2026-04-03T03:21:21.000Z,2026-04-11T22:37:19.000Z,,Western supply chain / policy funding,low,https://x.com/aleabitoreddit/status/2043096081060504057
388,LYFT,2,2,0,0,2,2025-09-16T19:43:09.000Z,2025-12-03T14:41:55.000Z,,Other / unclassified,low,https://x.com/aleabitoreddit/status/1996228410109251981
389,MCB,2,2,1,0,1,2026-01-31T03:26:11.000Z,2026-01-31T03:44:42.000Z,,Valuation / risk / trading behavior,low,https://x.com/aleabitoreddit/status/2017443897946083738
390,MINT,2,2,0,1,1,2025-11-03T02:41:44.000Z,2025-11-03T05:23:17.000Z,,Power semiconductors / 800VDC,low,https://x.com/aleabitoreddit/status/1985216187245248650
391,MITK,2,2,0,2,0,2026-04-03T03:21:21.000Z,2026-04-11T22:37:19.000Z,,Western supply chain / policy funding,low,https://x.com/aleabitoreddit/status/2043096081060504057
392,MKSI,2,2,1,1,0,2026-01-18T18:38:48.000Z,2026-01-22T16:02:53.000Z,,CPO / photonics / optical,low,https://x.com/aleabitoreddit/status/2014368177682292774
393,NBCLF,2,2,2,0,0,2026-01-23T01:09:49.000Z,2026-01-25T22:16:17.000Z,,AI compute / memory / hyperscalers,low,https://x.com/aleabitoreddit/status/2015549311732658520
394,NODE,2,2,0,0,2,2026-01-15T16:13:02.000Z,2026-01-15T21:09:44.000Z,,Valuation / risk / trading behavior,low,https://x.com/aleabitoreddit/status/2011908685589565813
395,NVT,2,2,1,0,1,2025-11-20T13:58:15.000Z,2026-02-07T10:53:42.000Z,,CPO / photonics / optical,low,https://x.com/aleabitoreddit/status/2020088575203721520
396,OII,2,2,0,0,2,2026-03-10T20:28:43.000Z,2026-03-13T20:31:21.000Z,,Other / unclassified,low,https://x.com/aleabitoreddit/status/2032555132303663597
397,P4O.DE,2,2,0,2,0,2026-04-03T03:21:21.000Z,2026-04-11T22:37:19.000Z,,Western supply chain / policy funding,low,https://x.com/aleabitoreddit/status/2043096081060504057
398,PENG,2,2,0,2,0,2026-05-17T08:17:25.000Z,2026-05-17T13:56:41.000Z,,CPO / photonics / optical,low,https://x.com/aleabitoreddit/status/2056011024982282674
399,PLSR,2,2,0,0,2,2026-01-18T19:09:15.000Z,2026-01-18T19:22:19.000Z,,Valuation / risk / trading behavior,low,https://x.com/aleabitoreddit/status/2012968817476157868
400,PWR,2,2,2,0,0,2026-02-07T07:12:56.000Z,2026-02-15T15:48:07.000Z,,CPO / photonics / optical,low,https://x.com/aleabitoreddit/status/2023061769313542601
401,QS,2,2,0,0,2,2025-10-08T16:10:14.000Z,2026-02-20T09:12:36.000Z,,CPO / photonics / optical,low,https://x.com/aleabitoreddit/status/2024774175890756062
402,QURE,2,2,0,2,0,2026-04-03T03:21:21.000Z,2026-04-11T22:37:19.000Z,,Western supply chain / policy funding,low,https://x.com/aleabitoreddit/status/2043096081060504057
403,RELL,2,2,1,1,0,2026-01-18T18:38:48.000Z,2026-06-08T06:22:58.000Z,,CPO / photonics / optical,low,https://x.com/aleabitoreddit/status/2063869376542192013
404,REMX,2,2,0,0,2,2025-09-17T21:48:35.000Z,2026-01-27T01:01:37.000Z,,Other / unclassified,low,https://x.com/aleabitoreddit/status/2015953304803803269
405,RUM,2,2,1,1,0,2025-09-15T02:24:23.000Z,2025-09-16T20:38:34.000Z,,AI compute / memory / hyperscalers,low,https://x.com/aleabitoreddit/status/1968051910663118861
406,S,2,2,0,0,2,2025-11-19T18:32:00.000Z,2026-02-18T00:50:51.000Z,,AI compute / memory / hyperscalers,low,https://x.com/aleabitoreddit/status/2023923131459723342
407,SANM,2,2,0,2,0,2026-03-26T08:33:42.000Z,2026-05-21T09:12:12.000Z,,CPO / photonics / optical,low,https://x.com/aleabitoreddit/status/2057388984310132855
408,SBGSY,2,2,1,1,0,2026-02-07T10:53:42.000Z,2026-02-12T03:08:09.000Z,,CPO / photonics / optical,low,https://x.com/aleabitoreddit/status/2021783355076026581
409,SEA,2,2,0,2,0,2025-10-15T07:42:21.000Z,2025-10-29T05:03:08.000Z,,Power semiconductors / 800VDC,low,https://x.com/aleabitoreddit/status/1983399179759300943
410,SIDU,2,2,0,0,2,2026-01-13T03:25:40.000Z,2026-01-13T03:53:08.000Z,,Power semiconductors / 800VDC,low,https://x.com/aleabitoreddit/status/2010923038070427796
411,SMHN,2,2,2,0,0,2026-03-17T12:38:10.000Z,2026-03-20T08:56:10.000Z,,CPO / photonics / optical,low,https://x.com/aleabitoreddit/status/2034916899021365725
412,SNPS,2,2,1,1,0,2026-03-31T00:35:59.000Z,2026-04-20T18:57:12.000Z,,CPO / photonics / optical,low,https://x.com/aleabitoreddit/status/2046302180001673341
413,SPCE,2,2,1,1,0,2026-05-30T19:31:56.000Z,2026-06-14T15:27:22.000Z,,CPO / photonics / optical,low,https://x.com/aleabitoreddit/status/2066180704661356593
414,SPIR,2,2,2,0,0,2026-03-14T02:08:42.000Z,2026-03-24T06:29:34.000Z,,CPO / photonics / optical,low,https://x.com/aleabitoreddit/status/2036329557444403424
415,SYM,2,2,1,1,0,2026-02-16T01:25:02.000Z,2026-05-12T23:00:30.000Z,,Power semiconductors / 800VDC,low,https://x.com/aleabitoreddit/status/2054335940026573222
416,TLN,2,2,1,0,1,2026-02-15T15:48:07.000Z,2026-02-21T14:52:45.000Z,,CPO / photonics / optical,low,https://x.com/aleabitoreddit/status/2025222163251540079
417,TMC,2,2,0,2,0,2026-04-03T03:21:21.000Z,2026-04-11T22:37:19.000Z,,Western supply chain / policy funding,low,https://x.com/aleabitoreddit/status/2043096081060504057
418,TPU,2,2,1,0,1,2025-12-29T06:53:45.000Z,2026-03-18T01:59:32.000Z,,CPO / photonics / optical,low,https://x.com/aleabitoreddit/status/2034087274800091401
419,TRT,2,2,0,2,0,2026-04-03T03:21:21.000Z,2026-04-11T22:37:19.000Z,,Western supply chain / policy funding,low,https://x.com/aleabitoreddit/status/2043096081060504057
420,UURAF,2,2,1,0,1,2025-09-17T21:48:35.000Z,2026-03-23T07:37:02.000Z,,Western supply chain / policy funding,low,https://x.com/aleabitoreddit/status/2035984148159164870
421,UUUU,2,2,1,0,1,2026-01-19T06:30:28.000Z,2026-03-23T07:37:02.000Z,,Western supply chain / policy funding,low,https://x.com/aleabitoreddit/status/2035984148159164870
422,VVX,2,2,0,0,2,2026-01-13T12:42:41.000Z,2026-01-14T06:51:43.000Z,,Valuation / risk / trading behavior,low,https://x.com/aleabitoreddit/status/2011330371464675631
423,WATT,2,2,0,2,0,2026-04-03T03:21:21.000Z,2026-04-11T22:37:19.000Z,,Western supply chain / policy funding,low,https://x.com/aleabitoreddit/status/2043096081060504057
424,WIX,2,2,0,0,2,2026-02-03T02:32:33.000Z,2026-04-08T04:07:07.000Z,,CPO / photonics / optical,low,https://x.com/aleabitoreddit/status/2041729528285032797
425,WKEY,2,2,0,0,2,2025-10-30T18:18:52.000Z,2025-10-30T18:54:59.000Z,,Other / unclassified,low,https://x.com/aleabitoreddit/status/1983970907933831539
426,XYZ,2,2,1,0,1,2025-12-05T01:24:10.000Z,2026-02-27T14:40:21.000Z,,Power semiconductors / 800VDC,low,https://x.com/aleabitoreddit/status/2027393372953174177
427,Z,2,2,0,1,1,2025-09-22T23:22:53.000Z,2025-09-25T21:04:48.000Z,,Power semiconductors / 800VDC,low,https://x.com/aleabitoreddit/status/1971320000851083607
428,ZETA,2,2,1,0,1,2026-01-05T12:34:29.000Z,2026-01-05T12:45:19.000Z,,CPO / photonics / optical,low,https://x.com/aleabitoreddit/status/2008157864792080568
429,FTX,1,4,0,1,0,2025-11-24T15:51:33.000Z,2025-11-24T15:51:33.000Z,,AI compute / memory / hyperscalers,low,https://x.com/aleabitoreddit/status/1992984440960921604
430,GRZ,1,4,0,1,0,2026-01-04T03:06:30.000Z,2026-01-04T03:06:30.000Z,,Power semiconductors / 800VDC,low,https://x.com/aleabitoreddit/status/2007649811621880238
431,LHX,1,3,0,1,0,2026-01-03T09:43:52.000Z,2026-01-03T09:43:52.000Z,,Valuation / risk / trading behavior,low,https://x.com/aleabitoreddit/status/2007387427820978510
432,RMLFF,1,3,0,1,0,2026-01-04T03:06:30.000Z,2026-01-04T03:06:30.000Z,,Power semiconductors / 800VDC,low,https://x.com/aleabitoreddit/status/2007649811621880238
433,1560,1,2,0,0,1,2026-03-24T19:01:52.000Z,2026-03-24T19:01:52.000Z,,Power semiconductors / 800VDC,low,https://x.com/aleabitoreddit/status/2036518879279939709
434,AKTS,1,2,1,0,0,2026-03-24T02:09:07.000Z,2026-03-24T02:09:07.000Z,,Western supply chain / policy funding,low,https://x.com/aleabitoreddit/status/2036264013370368378
435,ALOY,1,2,1,0,0,2026-03-23T07:37:02.000Z,2026-03-23T07:37:02.000Z,,Western supply chain / policy funding,low,https://x.com/aleabitoreddit/status/2035984148159164870
436,BLG,1,2,1,0,0,2026-03-24T02:09:07.000Z,2026-03-24T02:09:07.000Z,,Western supply chain / policy funding,low,https://x.com/aleabitoreddit/status/2036264013370368378
437,CLF,1,2,0,1,0,2026-04-22T19:12:29.000Z,2026-04-22T19:12:29.000Z,,Western supply chain / policy funding,low,https://x.com/aleabitoreddit/status/2047030798554132901
438,CVE,1,2,0,1,0,2026-01-03T09:43:52.000Z,2026-01-03T09:43:52.000Z,,Valuation / risk / trading behavior,low,https://x.com/aleabitoreddit/status/2007387427820978510
439,DGDX,1,2,0,1,0,2025-11-22T10:42:19.000Z,2025-11-22T10:42:19.000Z,,AI compute / memory / hyperscalers,low,https://x.com/aleabitoreddit/status/1992181846134968633
440,FAZ,1,2,1,0,0,2026-03-28T06:31:23.000Z,2026-03-28T06:31:23.000Z,,Western supply chain / policy funding,low,https://x.com/aleabitoreddit/status/2037779565066764425
441,FCEL,1,2,0,1,0,2026-06-08T06:22:58.000Z,2026-06-08T06:22:58.000Z,,Other / unclassified,low,https://x.com/aleabitoreddit/status/2063869376542192013
442,FRMI,1,2,0,1,0,2025-12-14T23:58:49.000Z,2025-12-14T23:58:49.000Z,,Western supply chain / policy funding,low,https://x.com/aleabitoreddit/status/2000354823435420024
443,GUSH,1,2,1,0,0,2026-03-28T06:31:23.000Z,2026-03-28T06:31:23.000Z,,Western supply chain / policy funding,low,https://x.com/aleabitoreddit/status/2037779565066764425
444,HLI,1,2,0,1,0,2026-01-03T16:31:04.000Z,2026-01-03T16:31:04.000Z,,Valuation / risk / trading behavior,low,https://x.com/aleabitoreddit/status/2007489901877436756
445,HON,1,2,0,1,0,2026-01-03T09:43:52.000Z,2026-01-03T09:43:52.000Z,,Valuation / risk / trading behavior,low,https://x.com/aleabitoreddit/status/2007387427820978510
446,LAZ,1,2,0,1,0,2026-01-03T16:31:04.000Z,2026-01-03T16:31:04.000Z,,Valuation / risk / trading behavior,low,https://x.com/aleabitoreddit/status/2007489901877436756
447,LDOS,1,2,0,1,0,2026-01-03T09:43:52.000Z,2026-01-03T09:43:52.000Z,,Valuation / risk / trading behavior,low,https://x.com/aleabitoreddit/status/2007387427820978510
448,MBLY,1,2,0,1,0,2026-05-12T23:00:30.000Z,2026-05-12T23:00:30.000Z,,Other / unclassified,low,https://x.com/aleabitoreddit/status/2054335940026573222
449,MVZ.B,1,2,0,0,1,2026-01-03T15:23:20.000Z,2026-01-03T15:23:20.000Z,,Other / unclassified,low,https://x.com/aleabitoreddit/status/2007472856574373893
450,SQQQ,1,2,1,0,0,2026-03-28T06:31:23.000Z,2026-03-28T06:31:23.000Z,,Western supply chain / policy funding,low,https://x.com/aleabitoreddit/status/2037779565066764425
451,TKR,1,2,0,1,0,2026-01-16T07:57:59.000Z,2026-01-16T07:57:59.000Z,,Power semiconductors / 800VDC,low,https://x.com/aleabitoreddit/status/2012071822481900030
452,UVIX,1,2,1,0,0,2026-03-28T06:31:23.000Z,2026-03-28T06:31:23.000Z,,Western supply chain / policy funding,low,https://x.com/aleabitoreddit/status/2037779565066764425
453,1122,1,1,0,1,0,2026-06-18T14:54:06.000Z,2026-06-18T14:54:06.000Z,,CPO / photonics / optical,low,https://x.com/aleabitoreddit/status/2067621883525394768
454,1195,1,1,0,1,0,2025-10-06T02:36:59.000Z,2025-10-06T02:36:59.000Z,,Power semiconductors / 800VDC,low,https://x.com/aleabitoreddit/status/1975027478373748808
455,1200,1,1,0,1,0,2025-10-06T02:36:59.000Z,2025-10-06T02:36:59.000Z,,Power semiconductors / 800VDC,low,https://x.com/aleabitoreddit/status/1975027478373748808
456,15000,1,1,0,0,1,2025-10-01T01:11:34.000Z,2025-10-01T01:11:34.000Z,,Western supply chain / policy funding,low,https://x.com/aleabitoreddit/status/1973194041996292317
457,1595,1,1,1,0,0,2026-04-04T16:41:03.000Z,2026-04-04T16:41:03.000Z,,Valuation / risk / trading behavior,low,https://x.com/aleabitoreddit/status/2040469708739375399
458,20000,1,1,0,1,0,2026-04-11T16:37:58.000Z,2026-04-11T16:37:58.000Z,,CPO / photonics / optical,low,https://x.com/aleabitoreddit/status/2043005647424491596
459,2155,1,1,0,1,0,2026-06-18T14:54:06.000Z,2026-06-18T14:54:06.000Z,,CPO / photonics / optical,low,https://x.com/aleabitoreddit/status/2067621883525394768
460,2200,1,1,0,0,1,2026-02-02T08:02:41.000Z,2026-02-02T08:02:41.000Z,,Valuation / risk / trading behavior,low,https://x.com/aleabitoreddit/status/2018233596918554931
461,2408,1,1,0,1,0,2025-11-04T18:04:54.000Z,2025-11-04T18:04:54.000Z,,Power semiconductors / 800VDC,low,https://x.com/aleabitoreddit/status/1985770241532838347
462,2800,1,1,0,0,1,2025-09-26T00:30:30.000Z,2025-09-26T00:30:30.000Z,,Other / unclassified,low,https://x.com/aleabitoreddit/status/1971371769392136480
463,3000,1,1,0,1,0,2025-10-11T18:32:44.000Z,2025-10-11T18:32:44.000Z,,AI compute / memory / hyperscalers,low,https://x.com/aleabitoreddit/status/1977079938835718513
464,3300,1,1,0,0,1,2026-01-16T13:36:04.000Z,2026-01-16T13:36:04.000Z,,Western supply chain / policy funding,low,https://x.com/aleabitoreddit/status/2012156904659935698
465,3500,1,1,0,1,0,2025-11-09T19:56:39.000Z,2025-11-09T19:56:39.000Z,,Valuation / risk / trading behavior,low,https://x.com/aleabitoreddit/status/1987610303752970252
466,3900,1,1,0,0,1,2025-09-26T00:24:17.000Z,2025-09-26T00:24:17.000Z,,Other / unclassified,low,https://x.com/aleabitoreddit/status/1971370201938804800
467,4000,1,1,0,0,1,2026-05-23T17:02:42.000Z,2026-05-23T17:02:42.000Z,,Other / unclassified,low,https://x.com/aleabitoreddit/status/2058232164056277463
468,4200,1,1,0,0,1,2025-09-25T00:05:05.000Z,2025-09-25T00:05:05.000Z,,Valuation / risk / trading behavior,low,https://x.com/aleabitoreddit/status/1971002983640170915
469,4360,1,1,0,0,1,2026-02-21T15:40:58.000Z,2026-02-21T15:40:58.000Z,,Other / unclassified,low,https://x.com/aleabitoreddit/status/2025234298295779416
470,4500,1,1,0,1,0,2025-10-04T01:22:20.000Z,2025-10-04T01:22:20.000Z,,AI compute / memory / hyperscalers,low,https://x.com/aleabitoreddit/status/1974283913905517009
471,4649,1,1,1,0,0,2026-06-06T12:22:51.000Z,2026-06-06T12:22:51.000Z,,Other / unclassified,low,https://x.com/aleabitoreddit/status/2063235166336856251
472,5000,1,1,0,0,1,2026-04-10T21:03:51.000Z,2026-04-10T21:03:51.000Z,,Other / unclassified,low,https://x.com/aleabitoreddit/status/2042710171873611975
473,6557,1,1,0,0,1,2025-07-28T08:19:39.000Z,2025-07-28T08:19:39.000Z,,Other / unclassified,low,https://x.com/aleabitoreddit/status/1949746559912132787
474,AAOI-TYPE,1,1,0,0,1,2026-03-13T22:35:24.000Z,2026-03-13T22:35:24.000Z,,AI compute / memory / hyperscalers,low,https://x.com/aleabitoreddit/status/2032586352345362837
475,ABB,1,1,0,1,0,2026-05-12T23:00:30.000Z,2026-05-12T23:00:30.000Z,,Other / unclassified,low,https://x.com/aleabitoreddit/status/2054335940026573222
476,ACHR,1,1,1,0,0,2026-03-14T02:08:42.000Z,2026-03-14T02:08:42.000Z,,Western supply chain / policy funding,low,https://x.com/aleabitoreddit/status/2032640028502012293
477,ACN,1,1,0,1,0,2025-11-17T16:12:21.000Z,2025-11-17T16:12:21.000Z,,AI compute / memory / hyperscalers,low,https://x.com/aleabitoreddit/status/1990452960758042917
478,ACUVI,1,1,0,1,0,2026-05-12T23:00:30.000Z,2026-05-12T23:00:30.000Z,,Other / unclassified,low,https://x.com/aleabitoreddit/status/2054335940026573222
479,ADEA,1,1,0,1,0,2026-01-22T16:02:53.000Z,2026-01-22T16:02:53.000Z,,CPO / photonics / optical,low,https://x.com/aleabitoreddit/status/2014368177682292774
480,AEHR-,1,1,1,0,0,2026-03-17T12:38:10.000Z,2026-03-17T12:38:10.000Z,,CPO / photonics / optical,low,https://x.com/aleabitoreddit/status/2033885603423785170
481,AEIS,1,1,0,1,0,2026-04-22T19:12:29.000Z,2026-04-22T19:12:29.000Z,,Western supply chain / policy funding,low,https://x.com/aleabitoreddit/status/2047030798554132901
482,AEO,1,1,0,0,1,2025-12-02T21:44:28.000Z,2025-12-02T21:44:28.000Z,,Western supply chain / policy funding,low,https://x.com/aleabitoreddit/status/1995972359032107404
483,AIPO,1,1,0,0,1,2026-02-23T08:15:25.000Z,2026-02-23T08:15:25.000Z,,Other / unclassified,low,https://x.com/aleabitoreddit/status/2025846946313986120
484,AKAM,1,1,1,0,0,2026-01-01T12:50:48.000Z,2026-01-01T12:50:48.000Z,,CPO / photonics / optical,low,https://x.com/aleabitoreddit/status/2006709693012467774
485,ALB,1,1,1,0,0,2026-03-23T07:37:02.000Z,2026-03-23T07:37:02.000Z,,Western supply chain / policy funding,low,https://x.com/aleabitoreddit/status/2035984148159164870
486,ALGM,1,1,0,1,0,2026-01-16T07:57:59.000Z,2026-01-16T07:57:59.000Z,,Power semiconductors / 800VDC,low,https://x.com/aleabitoreddit/status/2012071822481900030
487,ALL,1,1,1,0,0,2026-03-22T03:02:15.000Z,2026-03-22T03:02:15.000Z,,Power semiconductors / 800VDC,low,https://x.com/aleabitoreddit/status/2035552610078572849
488,ALNT,1,1,0,1,0,2026-05-12T23:00:30.000Z,2026-05-12T23:00:30.000Z,,Other / unclassified,low,https://x.com/aleabitoreddit/status/2054335940026573222
489,ALTM,1,1,1,0,0,2026-03-23T07:37:02.000Z,2026-03-23T07:37:02.000Z,,Western supply chain / policy funding,low,https://x.com/aleabitoreddit/status/2035984148159164870
490,AMBQ,1,1,0,1,0,2026-05-12T23:00:30.000Z,2026-05-12T23:00:30.000Z,,Other / unclassified,low,https://x.com/aleabitoreddit/status/2054335940026573222
491,AMKR-,1,1,0,1,0,2026-03-28T15:32:25.000Z,2026-03-28T15:32:25.000Z,,CPO / photonics / optical,low,https://x.com/aleabitoreddit/status/2037915721435587028
492,AMT,1,1,1,0,0,2026-03-22T03:02:15.000Z,2026-03-22T03:02:15.000Z,,Power semiconductors / 800VDC,low,https://x.com/aleabitoreddit/status/2035552610078572849
493,AMTB,1,1,0,0,1,2026-01-03T15:23:20.000Z,2026-01-03T15:23:20.000Z,,Other / unclassified,low,https://x.com/aleabitoreddit/status/2007472856574373893
494,ANSS,1,1,0,1,0,2026-03-31T00:35:59.000Z,2026-03-31T00:35:59.000Z,,CPO / photonics / optical,low,https://x.com/aleabitoreddit/status/2038777289115345200
495,API,1,1,0,0,1,2025-10-29T15:01:11.000Z,2025-10-29T15:01:11.000Z,,Other / unclassified,low,https://x.com/aleabitoreddit/status/1983549684317815177
496,APO,1,1,1,0,0,2026-03-24T03:13:05.000Z,2026-03-24T03:13:05.000Z,,Other / unclassified,low,https://x.com/aleabitoreddit/status/2036280113298546865
497,ARA,1,1,1,0,0,2026-03-23T07:37:02.000Z,2026-03-23T07:37:02.000Z,,Western supply chain / policy funding,low,https://x.com/aleabitoreddit/status/2035984148159164870
498,ARBE,1,1,0,1,0,2026-05-12T23:00:30.000Z,2026-05-12T23:00:30.000Z,,Other / unclassified,low,https://x.com/aleabitoreddit/status/2054335940026573222
499,AREC,1,1,0,0,1,2026-01-26T15:36:11.000Z,2026-01-26T15:36:11.000Z,,Other / unclassified,low,https://x.com/aleabitoreddit/status/2015811012172321218
500,ARU-,1,1,1,0,0,2026-03-23T07:37:02.000Z,2026-03-23T07:37:02.000Z,,Western supply chain / policy funding,low,https://x.com/aleabitoreddit/status/2035984148159164870
501,ASAN,1,1,0,0,1,2025-09-18T07:37:48.000Z,2025-09-18T07:37:48.000Z,,Valuation / risk / trading behavior,low,https://x.com/aleabitoreddit/status/1968580197139337237
502,ASGLY,1,1,1,0,0,2026-05-10T07:30:58.000Z,2026-05-10T07:30:58.000Z,,Other / unclassified,low,https://x.com/aleabitoreddit/status/2053377238532329611
503,ASMC,1,1,0,0,1,2026-04-22T18:36:46.000Z,2026-04-22T18:36:46.000Z,,Other / unclassified,low,https://x.com/aleabitoreddit/status/2047021810550763603
504,ASML-TYPE,1,1,1,0,0,2026-02-27T20:27:58.000Z,2026-02-27T20:27:58.000Z,,CPO / photonics / optical,low,https://x.com/aleabitoreddit/status/2027480850397573567
505,ASOZF,1,1,1,0,0,2026-01-01T12:50:48.000Z,2026-01-01T12:50:48.000Z,,CPO / photonics / optical,low,https://x.com/aleabitoreddit/status/2006709693012467774
506,ASX-,1,1,0,1,0,2026-01-24T20:46:07.000Z,2026-01-24T20:46:07.000Z,,CPO / photonics / optical,low,https://x.com/aleabitoreddit/status/2015164232795627975
507,ASYS,1,1,0,1,0,2026-06-08T06:22:58.000Z,2026-06-08T06:22:58.000Z,,Other / unclassified,low,https://x.com/aleabitoreddit/status/2063869376542192013
508,ATUS,1,1,1,0,0,2026-03-22T03:02:15.000Z,2026-03-22T03:02:15.000Z,,Power semiconductors / 800VDC,low,https://x.com/aleabitoreddit/status/2035552610078572849
509,AVA,1,1,0,0,1,2026-01-07T23:21:28.000Z,2026-01-07T23:21:28.000Z,,Other / unclassified,low,https://x.com/aleabitoreddit/status/2009042732535435526
510,AW1,1,1,1,0,0,2026-03-23T07:37:02.000Z,2026-03-23T07:37:02.000Z,,Western supply chain / policy funding,low,https://x.com/aleabitoreddit/status/2035984148159164870
511,AXTI-,1,1,1,0,0,2026-02-25T12:41:36.000Z,2026-02-25T12:41:36.000Z,,CPO / photonics / optical,low,https://x.com/aleabitoreddit/status/2026638711941902461
512,AYAR,1,1,0,1,0,2026-03-17T00:03:37.000Z,2026-03-17T00:03:37.000Z,,CPO / photonics / optical,low,https://x.com/aleabitoreddit/status/2033695716938551350
513,AZZ,1,1,0,1,0,2026-04-22T19:12:29.000Z,2026-04-22T19:12:29.000Z,,Western supply chain / policy funding,low,https://x.com/aleabitoreddit/status/2047030798554132901
514,BAC,1,1,1,0,0,2026-03-22T03:02:15.000Z,2026-03-22T03:02:15.000Z,,Power semiconductors / 800VDC,low,https://x.com/aleabitoreddit/status/2035552610078572849
515,BAER,1,1,0,0,1,2026-01-27T16:39:56.000Z,2026-01-27T16:39:56.000Z,,Power semiconductors / 800VDC,low,https://x.com/aleabitoreddit/status/2016189440679674221
516,BAM,1,1,0,1,0,2026-05-12T23:00:30.000Z,2026-05-12T23:00:30.000Z,,Other / unclassified,low,https://x.com/aleabitoreddit/status/2054335940026573222
517,BDC,1,1,0,1,0,2026-06-08T06:22:58.000Z,2026-06-08T06:22:58.000Z,,Other / unclassified,low,https://x.com/aleabitoreddit/status/2063869376542192013
518,BEPC,1,1,1,0,0,2026-02-15T15:48:07.000Z,2026-02-15T15:48:07.000Z,,CPO / photonics / optical,low,https://x.com/aleabitoreddit/status/2023061769313542601
519,BKR,1,1,1,0,0,2026-01-06T01:37:00.000Z,2026-01-06T01:37:00.000Z,,Power semiconductors / 800VDC,low,https://x.com/aleabitoreddit/status/2008352067765837942
520,BLSKY,1,1,0,1,0,2025-10-19T18:21:35.000Z,2025-10-19T18:21:35.000Z,,AI compute / memory / hyperscalers,low,https://x.com/aleabitoreddit/status/1979976235825635419
521,BMM,1,1,1,0,0,2026-03-23T07:37:02.000Z,2026-03-23T07:37:02.000Z,,Western supply chain / policy funding,low,https://x.com/aleabitoreddit/status/2035984148159164870
522,BRK.A,1,1,1,0,0,2026-06-01T23:51:46.000Z,2026-06-01T23:51:46.000Z,,AI compute / memory / hyperscalers,low,https://x.com/aleabitoreddit/status/2061596599588114444
523,BRK.B,1,1,1,0,0,2026-03-22T03:02:15.000Z,2026-03-22T03:02:15.000Z,,Power semiconductors / 800VDC,low,https://x.com/aleabitoreddit/status/2035552610078572849
524,BSL,1,1,0,1,0,2026-05-12T23:00:30.000Z,2026-05-12T23:00:30.000Z,,Other / unclassified,low,https://x.com/aleabitoreddit/status/2054335940026573222
525,BSOL,1,1,0,0,1,2026-01-30T17:08:56.000Z,2026-01-30T17:08:56.000Z,,Other / unclassified,low,https://x.com/aleabitoreddit/status/2017283903913136486
526,BWA,1,1,1,0,0,2026-07-05T13:38:44.000Z,2026-07-05T13:38:44.000Z,,AI compute / memory / hyperscalers,low,https://x.com/aleabitoreddit/status/2073763512216899825
527,BWXT,1,1,0,0,1,2026-01-28T19:06:26.000Z,2026-01-28T19:06:26.000Z,,Other / unclassified,low,https://x.com/aleabitoreddit/status/2016588696133468422
528,BXP,1,1,1,0,0,2026-03-22T03:02:15.000Z,2026-03-22T03:02:15.000Z,,Power semiconductors / 800VDC,low,https://x.com/aleabitoreddit/status/2035552610078572849
529,BYNO,1,1,0,0,1,2026-04-24T06:59:31.000Z,2026-04-24T06:59:31.000Z,,Other / unclassified,low,https://x.com/aleabitoreddit/status/2047571121256689770
530,CAT,1,1,1,0,0,2026-03-22T03:02:15.000Z,2026-03-22T03:02:15.000Z,,Power semiconductors / 800VDC,low,https://x.com/aleabitoreddit/status/2035552610078572849
531,CATL,1,1,0,1,0,2026-05-12T23:00:30.000Z,2026-05-12T23:00:30.000Z,,Other / unclassified,low,https://x.com/aleabitoreddit/status/2054335940026573222
532,CAVA,1,1,0,0,1,2025-11-05T01:44:50.000Z,2025-11-05T01:44:50.000Z,,Valuation / risk / trading behavior,low,https://x.com/aleabitoreddit/status/1985885989219512580
533,CBT,1,1,0,0,1,2026-01-27T12:41:04.000Z,2026-01-27T12:41:04.000Z,,Other / unclassified,low,https://x.com/aleabitoreddit/status/2016129326824227195
534,CCCX,1,1,0,1,0,2025-10-29T05:03:08.000Z,2025-10-29T05:03:08.000Z,,AI compute / memory / hyperscalers,low,https://x.com/aleabitoreddit/status/1983399179759300943
535,CGNX,1,1,0,1,0,2026-05-12T23:00:30.000Z,2026-05-12T23:00:30.000Z,,Other / unclassified,low,https://x.com/aleabitoreddit/status/2054335940026573222
536,CITI,1,1,0,1,0,2026-05-15T19:21:12.000Z,2026-05-15T19:21:12.000Z,,CPO / photonics / optical,low,https://x.com/aleabitoreddit/status/2055367916426756386
537,CMXT,1,1,1,0,0,2026-07-27T03:17:03.000Z,2026-07-27T03:17:03.000Z,,Other / unclassified,low,https://x.com/aleabitoreddit/status/2081579593815978273
538,CNEX,1,1,1,0,0,2026-03-28T16:44:25.000Z,2026-03-28T16:44:25.000Z,,Other / unclassified,low,https://x.com/aleabitoreddit/status/2037933841802014891
539,COP,1,1,0,1,0,2026-01-04T03:06:30.000Z,2026-01-04T03:06:30.000Z,,Power semiconductors / 800VDC,low,https://x.com/aleabitoreddit/status/2007649811621880238
540,CRCLQUANTUM,1,1,0,1,0,2025-11-04T18:04:54.000Z,2025-11-04T18:04:54.000Z,,Power semiconductors / 800VDC,low,https://x.com/aleabitoreddit/status/1985770241532838347
541,CRML,1,1,0,0,1,2026-01-19T22:34:31.000Z,2026-01-19T22:34:31.000Z,,Other / unclassified,low,https://x.com/aleabitoreddit/status/2013379570993352816
542,CRS,1,1,1,0,0,2026-03-23T07:37:02.000Z,2026-03-23T07:37:02.000Z,,Western supply chain / policy funding,low,https://x.com/aleabitoreddit/status/2035984148159164870
543,CRSR,1,1,0,0,1,2026-01-13T01:55:21.000Z,2026-01-13T01:55:21.000Z,,Valuation / risk / trading behavior,low,https://x.com/aleabitoreddit/status/2010893400510460394
544,CRVW,1,1,1,0,0,2026-07-07T18:56:07.000Z,2026-07-07T18:56:07.000Z,,AI compute / memory / hyperscalers,low,https://x.com/aleabitoreddit/status/2074568161299771394
545,CTH.V,1,1,0,1,0,2026-05-12T23:00:30.000Z,2026-05-12T23:00:30.000Z,,Other / unclassified,low,https://x.com/aleabitoreddit/status/2054335940026573222
546,CVAT,1,1,0,0,1,2025-10-31T04:39:09.000Z,2025-10-31T04:39:09.000Z,,Other / unclassified,low,https://x.com/aleabitoreddit/status/1984117916779082104
547,CVV,1,1,1,0,0,2026-01-18T18:38:48.000Z,2026-01-18T18:38:48.000Z,,CPO / photonics / optical,low,https://x.com/aleabitoreddit/status/2012957864026087525
548,CWR.L,1,1,0,1,0,2026-06-08T06:22:58.000Z,2026-06-08T06:22:58.000Z,,Other / unclassified,low,https://x.com/aleabitoreddit/status/2063869376542192013
549,CWV,1,1,0,0,1,2025-11-19T14:10:32.000Z,2025-11-19T14:10:32.000Z,,AI compute / memory / hyperscalers,low,https://x.com/aleabitoreddit/status/1991147080920989793
550,CXV,1,1,0,0,1,2026-01-05T03:04:34.000Z,2026-01-05T03:04:34.000Z,,Other / unclassified,low,https://x.com/aleabitoreddit/status/2008011715263476012
551,D,1,1,1,0,0,2026-02-15T15:48:07.000Z,2026-02-15T15:48:07.000Z,,CPO / photonics / optical,low,https://x.com/aleabitoreddit/status/2023061769313542601
552,DASH,1,1,1,0,0,2026-07-04T21:44:39.000Z,2026-07-04T21:44:39.000Z,,Other / unclassified,low,https://x.com/aleabitoreddit/status/2073523410643366242
553,DDOG,1,1,0,0,1,2026-01-15T08:38:27.000Z,2026-01-15T08:38:27.000Z,,Other / unclassified,low,https://x.com/aleabitoreddit/status/2011719615819497520
554,DE,1,1,1,0,0,2026-03-22T03:02:15.000Z,2026-03-22T03:02:15.000Z,,Power semiconductors / 800VDC,low,https://x.com/aleabitoreddit/status/2035552610078572849
555,DLFI,1,1,0,1,0,2025-10-08T21:12:57.000Z,2025-10-08T21:12:57.000Z,,AI compute / memory / hyperscalers,low,https://x.com/aleabitoreddit/status/1976033094932234314
556,DNA,1,1,0,0,1,2026-03-05T08:11:00.000Z,2026-03-05T08:11:00.000Z,,Other / unclassified,low,https://x.com/aleabitoreddit/status/2029469716973273371
557,DNKG,1,1,1,0,0,2026-02-13T00:36:35.000Z,2026-02-13T00:36:35.000Z,,Other / unclassified,low,https://x.com/aleabitoreddit/status/2022107598821187815
558,DNN,1,1,0,0,1,2025-10-30T23:11:54.000Z,2025-10-30T23:11:54.000Z,,Other / unclassified,low,https://x.com/aleabitoreddit/status/1984035562303713789
559,DOCN,1,1,0,0,1,2025-10-02T19:23:53.000Z,2025-10-02T19:23:53.000Z,,Other / unclassified,low,https://x.com/aleabitoreddit/status/1973831319101845660
560,DOW,1,1,1,0,0,2026-04-26T17:09:03.000Z,2026-04-26T17:09:03.000Z,,CPO / photonics / optical,low,https://x.com/aleabitoreddit/status/2048449289152778686
561,DPZ,1,1,0,0,1,2026-01-03T09:25:50.000Z,2026-01-03T09:25:50.000Z,,CPO / photonics / optical,low,https://x.com/aleabitoreddit/status/2007382889911201983
562,DRFT,1,1,0,1,0,2025-10-29T05:03:08.000Z,2025-10-29T05:03:08.000Z,,AI compute / memory / hyperscalers,low,https://x.com/aleabitoreddit/status/1983399179759300943
563,DSCSY,1,1,1,0,0,2026-05-10T07:30:58.000Z,2026-05-10T07:30:58.000Z,,Other / unclassified,low,https://x.com/aleabitoreddit/status/2053377238532329611
564,DUK,1,1,1,0,0,2026-03-22T03:02:15.000Z,2026-03-22T03:02:15.000Z,,Power semiconductors / 800VDC,low,https://x.com/aleabitoreddit/status/2035552610078572849
565,EAF,1,1,1,0,0,2026-03-23T07:37:02.000Z,2026-03-23T07:37:02.000Z,,Western supply chain / policy funding,low,https://x.com/aleabitoreddit/status/2035984148159164870
566,EDP,1,1,1,0,0,2026-02-07T07:12:56.000Z,2026-02-07T07:12:56.000Z,,CPO / photonics / optical,low,https://x.com/aleabitoreddit/status/2020033017880698920
567,ELOSE,1,1,0,1,0,2025-10-11T18:32:44.000Z,2025-10-11T18:32:44.000Z,,AI compute / memory / hyperscalers,low,https://x.com/aleabitoreddit/status/1977079938835718513
568,ENR,1,1,0,0,1,2026-01-03T15:23:20.000Z,2026-01-03T15:23:20.000Z,,Other / unclassified,low,https://x.com/aleabitoreddit/status/2007472856574373893
569,ENS,1,1,1,0,0,2026-07-05T13:38:44.000Z,2026-07-05T13:38:44.000Z,,AI compute / memory / hyperscalers,low,https://x.com/aleabitoreddit/status/2073763512216899825
570,EOPSF,1,1,0,0,1,2026-01-24T17:49:58.000Z,2026-01-24T17:49:58.000Z,,Valuation / risk / trading behavior,low,https://x.com/aleabitoreddit/status/2015119903200797074
571,EOS,1,1,1,0,0,2026-04-05T04:56:46.000Z,2026-04-05T04:56:46.000Z,,CPO / photonics / optical,low,https://x.com/aleabitoreddit/status/2040654858475504075
572,EQR,1,1,0,0,1,2026-04-04T19:22:41.000Z,2026-04-04T19:22:41.000Z,,Western supply chain / policy funding,low,https://x.com/aleabitoreddit/status/2040510386659832240
573,ESE,1,1,1,0,0,2026-01-18T18:38:48.000Z,2026-01-18T18:38:48.000Z,,CPO / photonics / optical,low,https://x.com/aleabitoreddit/status/2012957864026087525
574,EZU,1,1,1,0,0,2026-02-01T11:14:21.000Z,2026-02-01T11:14:21.000Z,,Power semiconductors / 800VDC,low,https://x.com/aleabitoreddit/status/2017919446296437037
575,FDX,1,1,1,0,0,2026-07-05T20:32:55.000Z,2026-07-05T20:32:55.000Z,,Power semiconductors / 800VDC,low,https://x.com/aleabitoreddit/status/2073867745243127973
576,FEAM,1,1,0,0,1,2026-01-27T12:41:04.000Z,2026-01-27T12:41:04.000Z,,Other / unclassified,low,https://x.com/aleabitoreddit/status/2016129326824227195
577,FIT,1,1,1,0,0,2026-03-17T12:38:10.000Z,2026-03-17T12:38:10.000Z,,CPO / photonics / optical,low,https://x.com/aleabitoreddit/status/2033885603423785170
578,FIX,1,1,0,0,1,2025-10-30T12:23:08.000Z,2025-10-30T12:23:08.000Z,,Other / unclassified,low,https://x.com/aleabitoreddit/status/1983872296675844478
579,FNF,1,1,0,1,0,2026-05-08T09:18:44.000Z,2026-05-08T09:18:44.000Z,,CPO / photonics / optical,low,https://x.com/aleabitoreddit/status/2052679583892426925
580,FNMA,1,1,1,0,0,2025-09-23T20:48:49.000Z,2025-09-23T20:48:49.000Z,,Western supply chain / policy funding,low,https://x.com/aleabitoreddit/status/1970591203994513567
581,FOCI,1,1,1,0,0,2026-03-20T08:56:10.000Z,2026-03-20T08:56:10.000Z,,CPO / photonics / optical,low,https://x.com/aleabitoreddit/status/2034916899021365725
582,FORD,1,1,1,0,0,2026-07-05T20:32:55.000Z,2026-07-05T20:32:55.000Z,,Power semiconductors / 800VDC,low,https://x.com/aleabitoreddit/status/2073867745243127973
583,FPLSF,1,1,0,0,1,2026-03-25T09:43:36.000Z,2026-03-25T09:43:36.000Z,,AI compute / memory / hyperscalers,low,https://x.com/aleabitoreddit/status/2036740775955075344
584,FRO,1,1,1,0,0,2026-02-28T06:52:04.000Z,2026-02-28T06:52:04.000Z,,Valuation / risk / trading behavior,low,https://x.com/aleabitoreddit/status/2027637911097839997
585,FSLR,1,1,1,0,0,2026-02-15T15:48:07.000Z,2026-02-15T15:48:07.000Z,,CPO / photonics / optical,low,https://x.com/aleabitoreddit/status/2023061769313542601
586,FUTU,1,1,1,0,0,2026-05-22T11:08:08.000Z,2026-05-22T11:08:08.000Z,,Power semiconductors / 800VDC,low,https://x.com/aleabitoreddit/status/2057780545292308506
587,GEMI,1,1,0,1,0,2026-01-02T12:46:56.000Z,2026-01-02T12:46:56.000Z,,CPO / photonics / optical,low,https://x.com/aleabitoreddit/status/2007071108831338685
588,GILT,1,1,1,0,0,2026-04-05T04:56:46.000Z,2026-04-05T04:56:46.000Z,,CPO / photonics / optical,low,https://x.com/aleabitoreddit/status/2040654858475504075
589,GLNG,1,1,0,0,1,2026-03-28T17:40:08.000Z,2026-03-28T17:40:08.000Z,,Other / unclassified,low,https://x.com/aleabitoreddit/status/2037947862626205883
590,GME-TYPE,1,1,1,0,0,2026-02-19T08:57:42.000Z,2026-02-19T08:57:42.000Z,,Valuation / risk / trading behavior,low,https://x.com/aleabitoreddit/status/2024408036203516182
591,GOGL,1,1,0,1,0,2025-10-16T22:45:51.000Z,2025-10-16T22:45:51.000Z,,AI compute / memory / hyperscalers,low,https://x.com/aleabitoreddit/status/1978955578652398061
592,GPUS,1,1,0,0,1,2025-09-29T21:42:59.000Z,2025-09-29T21:42:59.000Z,,AI compute / memory / hyperscalers,low,https://x.com/aleabitoreddit/status/1972779161279496271
593,GRID,1,1,0,0,1,2026-03-01T13:22:41.000Z,2026-03-01T13:22:41.000Z,,Other / unclassified,low,https://x.com/aleabitoreddit/status/2028098602661511548
594,GSM,1,1,1,0,0,2026-01-18T18:38:48.000Z,2026-01-18T18:38:48.000Z,,CPO / photonics / optical,low,https://x.com/aleabitoreddit/status/2012957864026087525
595,HAIN,1,1,0,0,1,2025-09-18T22:31:28.000Z,2025-09-18T22:31:28.000Z,,Other / unclassified,low,https://x.com/aleabitoreddit/status/1968805096503836814
596,HAL,1,1,1,0,0,2026-01-06T01:37:00.000Z,2026-01-06T01:37:00.000Z,,Power semiconductors / 800VDC,low,https://x.com/aleabitoreddit/status/2008352067765837942
597,HALEU,1,1,1,0,0,2026-01-18T18:38:48.000Z,2026-01-18T18:38:48.000Z,,CPO / photonics / optical,low,https://x.com/aleabitoreddit/status/2012957864026087525
598,HG,1,1,0,1,0,2026-05-12T23:00:30.000Z,2026-05-12T23:00:30.000Z,,Other / unclassified,low,https://x.com/aleabitoreddit/status/2054335940026573222
599,HIMS-,1,1,0,0,1,2025-11-05T03:33:21.000Z,2025-11-05T03:33:21.000Z,,Other / unclassified,low,https://x.com/aleabitoreddit/status/1985913297665998934
600,HIMX-,1,1,1,0,0,2026-03-13T21:59:20.000Z,2026-03-13T21:59:20.000Z,,CPO / photonics / optical,low,https://x.com/aleabitoreddit/status/2032577275439485080
601,HLIT,1,1,0,1,0,2026-05-12T23:00:30.000Z,2026-05-12T23:00:30.000Z,,Other / unclassified,low,https://x.com/aleabitoreddit/status/2054335940026573222
602,HOOD-LIKE,1,1,1,0,0,2026-03-11T22:27:09.000Z,2026-03-11T22:27:09.000Z,,Valuation / risk / trading behavior,low,https://x.com/aleabitoreddit/status/2031859498546299159
603,HPP,1,1,0,0,1,2025-09-22T23:22:53.000Z,2025-09-22T23:22:53.000Z,,Other / unclassified,low,https://x.com/aleabitoreddit/status/1970267588988219546
604,HSP.A,1,1,0,0,1,2026-04-18T18:26:05.000Z,2026-04-18T18:26:05.000Z,,CPO / photonics / optical,low,https://x.com/aleabitoreddit/status/2045569572707951054
605,HSYDF,1,1,0,1,0,2026-05-12T23:00:30.000Z,2026-05-12T23:00:30.000Z,,Other / unclassified,low,https://x.com/aleabitoreddit/status/2054335940026573222
606,HXSCL,1,1,0,1,0,2025-11-04T18:04:54.000Z,2025-11-04T18:04:54.000Z,,Power semiconductors / 800VDC,low,https://x.com/aleabitoreddit/status/1985770241532838347
607,HYLN,1,1,0,1,0,2026-06-08T06:22:58.000Z,2026-06-08T06:22:58.000Z,,Other / unclassified,low,https://x.com/aleabitoreddit/status/2063869376542192013
608,ILU-,1,1,1,0,0,2026-03-23T07:37:02.000Z,2026-03-23T07:37:02.000Z,,Western supply chain / policy funding,low,https://x.com/aleabitoreddit/status/2035984148159164870
609,IMSR,1,1,0,1,0,2026-05-12T23:00:30.000Z,2026-05-12T23:00:30.000Z,,Other / unclassified,low,https://x.com/aleabitoreddit/status/2054335940026573222
610,INDI,1,1,0,1,0,2026-05-12T23:00:30.000Z,2026-05-12T23:00:30.000Z,,Other / unclassified,low,https://x.com/aleabitoreddit/status/2054335940026573222
611,INFN,1,1,1,0,0,2026-03-24T02:09:07.000Z,2026-03-24T02:09:07.000Z,,Western supply chain / policy funding,low,https://x.com/aleabitoreddit/status/2036264013370368378
612,INHD,1,1,1,0,0,2026-06-09T01:25:40.000Z,2026-06-09T01:25:40.000Z,,Other / unclassified,low,https://x.com/aleabitoreddit/status/2064156945150595504
613,INTT,1,1,1,0,0,2026-01-18T18:38:48.000Z,2026-01-18T18:38:48.000Z,,CPO / photonics / optical,low,https://x.com/aleabitoreddit/status/2012957864026087525
614,INTU,1,1,0,0,1,2026-04-12T14:00:25.000Z,2026-04-12T14:00:25.000Z,,Other / unclassified,low,https://x.com/aleabitoreddit/status/2043328386341454108
615,INV,1,1,0,0,1,2026-01-11T18:20:02.000Z,2026-01-11T18:20:02.000Z,,Other / unclassified,low,https://x.com/aleabitoreddit/status/2010416426964992319
616,IPWR,1,1,0,1,0,2026-06-08T06:22:58.000Z,2026-06-08T06:22:58.000Z,,Other / unclassified,low,https://x.com/aleabitoreddit/status/2063869376542192013
617,IQE.L,1,1,0,1,0,2026-06-08T06:22:58.000Z,2026-06-08T06:22:58.000Z,,Other / unclassified,low,https://x.com/aleabitoreddit/status/2063869376542192013
618,IQEF,1,1,1,0,0,2026-07-21T17:41:05.000Z,2026-07-21T17:41:05.000Z,,Other / unclassified,low,https://x.com/aleabitoreddit/status/2079622706572804368
619,IQEPF,1,1,0,0,1,2025-12-30T10:15:27.000Z,2025-12-30T10:15:27.000Z,,Western supply chain / policy funding,low,https://x.com/aleabitoreddit/status/2005945821989368245
620,IRRN,1,1,0,0,1,2025-09-26T17:58:11.000Z,2025-09-26T17:58:11.000Z,,Valuation / risk / trading behavior,low,https://x.com/aleabitoreddit/status/1971635427347181996
621,ISRG,1,1,0,1,0,2026-05-12T23:00:30.000Z,2026-05-12T23:00:30.000Z,,Other / unclassified,low,https://x.com/aleabitoreddit/status/2054335940026573222
622,ITA,1,1,1,0,0,2026-02-19T03:16:29.000Z,2026-02-19T03:16:29.000Z,,CPO / photonics / optical,low,https://x.com/aleabitoreddit/status/2024322169376035019
623,JBSS,1,1,1,0,0,2026-02-19T03:16:29.000Z,2026-02-19T03:16:29.000Z,,CPO / photonics / optical,low,https://x.com/aleabitoreddit/status/2024322169376035019
624,JX,1,1,0,0,1,2026-01-23T00:47:58.000Z,2026-01-23T00:47:58.000Z,,CPO / photonics / optical,low,https://x.com/aleabitoreddit/status/2014500318827168215
625,KDK,1,1,0,1,0,2026-05-12T23:00:30.000Z,2026-05-12T23:00:30.000Z,,Other / unclassified,low,https://x.com/aleabitoreddit/status/2054335940026573222
626,KITT,1,1,0,1,0,2026-05-12T23:00:30.000Z,2026-05-12T23:00:30.000Z,,Other / unclassified,low,https://x.com/aleabitoreddit/status/2054335940026573222
627,KMI,1,1,1,0,0,2026-02-15T15:48:07.000Z,2026-02-15T15:48:07.000Z,,CPO / photonics / optical,low,https://x.com/aleabitoreddit/status/2023061769313542601
628,KRE,1,1,1,0,0,2026-01-31T03:26:11.000Z,2026-01-31T03:26:11.000Z,,Valuation / risk / trading behavior,low,https://x.com/aleabitoreddit/status/2017439237294211221
629,KSS,1,1,1,0,0,2025-07-23T05:53:22.000Z,2025-07-23T05:53:22.000Z,,Valuation / risk / trading behavior,low,https://x.com/aleabitoreddit/status/1947897807115063386
630,KULR,1,1,1,0,0,2026-01-18T18:38:48.000Z,2026-01-18T18:38:48.000Z,,CPO / photonics / optical,low,https://x.com/aleabitoreddit/status/2012957864026087525
631,LCRX,1,1,0,1,0,2026-05-01T06:02:46.000Z,2026-05-01T06:02:46.000Z,,CPO / photonics / optical,low,https://x.com/aleabitoreddit/status/2050093551313469467
632,LFUS,1,1,0,1,0,2026-06-08T06:22:58.000Z,2026-06-08T06:22:58.000Z,,Other / unclassified,low,https://x.com/aleabitoreddit/status/2063869376542192013
633,LG,1,1,1,0,0,2026-03-23T01:52:58.000Z,2026-03-23T01:52:58.000Z,,CPO / photonics / optical,low,https://x.com/aleabitoreddit/status/2035897562025410927
634,LGO,1,1,1,0,0,2026-03-23T07:37:02.000Z,2026-03-23T07:37:02.000Z,,Western supply chain / policy funding,low,https://x.com/aleabitoreddit/status/2035984148159164870
635,LINK,1,1,0,0,1,2026-01-16T12:02:07.000Z,2026-01-16T12:02:07.000Z,,Other / unclassified,low,https://x.com/aleabitoreddit/status/2012133261653483693
636,LIT,1,1,1,0,0,2026-01-24T16:16:57.000Z,2026-01-24T16:16:57.000Z,,CPO / photonics / optical,low,https://x.com/aleabitoreddit/status/2015096496019112151
637,LITE-,1,1,0,1,0,2026-03-30T04:56:38.000Z,2026-03-30T04:56:38.000Z,,CPO / photonics / optical,low,https://x.com/aleabitoreddit/status/2038480499425923375
638,LMND-STYLE,1,1,0,0,1,2026-01-01T15:50:18.000Z,2026-01-01T15:50:18.000Z,,Valuation / risk / trading behavior,low,https://x.com/aleabitoreddit/status/2006754865351966806
639,LPKK,1,1,0,1,0,2026-04-21T04:43:57.000Z,2026-04-21T04:43:57.000Z,,CPO / photonics / optical,low,https://x.com/aleabitoreddit/status/2046449839626670369
640,LTCC,1,1,1,0,0,2026-01-30T15:45:18.000Z,2026-01-30T15:45:18.000Z,,Other / unclassified,low,https://x.com/aleabitoreddit/status/2017262857017258345
641,LVMH,1,1,0,0,1,2026-01-18T19:51:03.000Z,2026-01-18T19:51:03.000Z,,Western supply chain / policy funding,low,https://x.com/aleabitoreddit/status/2012976046136774864
642,LYC.AX,1,1,0,1,0,2025-10-30T07:00:06.000Z,2025-10-30T07:00:06.000Z,,Western supply chain / policy funding,low,https://x.com/aleabitoreddit/status/1983791002436694520
643,LYSDY,1,1,1,0,0,2026-03-23T07:37:02.000Z,2026-03-23T07:37:02.000Z,,Western supply chain / policy funding,low,https://x.com/aleabitoreddit/status/2035984148159164870
644,M7U,1,1,0,0,1,2026-03-20T09:16:52.000Z,2026-03-20T09:16:52.000Z,,Other / unclassified,low,https://x.com/aleabitoreddit/status/2034922107612885093
645,MA,1,1,1,0,0,2026-03-19T09:15:53.000Z,2026-03-19T09:15:53.000Z,,Other / unclassified,low,https://x.com/aleabitoreddit/status/2034559475533910175
646,MEI,1,1,1,0,0,2026-03-23T07:37:02.000Z,2026-03-23T07:37:02.000Z,,Western supply chain / policy funding,low,https://x.com/aleabitoreddit/status/2035984148159164870
647,MET,1,1,1,0,0,2026-03-22T03:02:15.000Z,2026-03-22T03:02:15.000Z,,Power semiconductors / 800VDC,low,https://x.com/aleabitoreddit/status/2035552610078572849
648,META-LIKE,1,1,1,0,0,2026-03-11T22:27:09.000Z,2026-03-11T22:27:09.000Z,,Valuation / risk / trading behavior,low,https://x.com/aleabitoreddit/status/2031859498546299159
649,MKA,1,1,0,1,0,2026-05-12T23:00:30.000Z,2026-05-12T23:00:30.000Z,,Other / unclassified,low,https://x.com/aleabitoreddit/status/2054335940026573222
650,MPC,1,1,1,0,0,2026-01-06T01:37:00.000Z,2026-01-06T01:37:00.000Z,,Power semiconductors / 800VDC,low,https://x.com/aleabitoreddit/status/2008352067765837942
651,MRLN,1,1,0,1,0,2026-05-12T23:00:30.000Z,2026-05-12T23:00:30.000Z,,Other / unclassified,low,https://x.com/aleabitoreddit/status/2054335940026573222
652,MSR,1,1,0,1,0,2026-04-04T19:00:02.000Z,2026-04-04T19:00:02.000Z,,Western supply chain / policy funding,low,https://x.com/aleabitoreddit/status/2040504686349090986
653,MSTR-LIKE,1,1,0,1,0,2025-12-02T00:00:01.000Z,2025-12-02T00:00:01.000Z,,AI compute / memory / hyperscalers,low,https://x.com/aleabitoreddit/status/1995644085563261034
654,MTCH,1,1,0,0,1,2026-02-27T15:07:12.000Z,2026-02-27T15:07:12.000Z,,Other / unclassified,low,https://x.com/aleabitoreddit/status/2027400128529924167
655,MTL,1,1,0,0,1,2026-01-27T12:41:04.000Z,2026-01-27T12:41:04.000Z,,Other / unclassified,low,https://x.com/aleabitoreddit/status/2016129326824227195
656,MVL,1,1,1,0,0,2026-05-03T07:01:59.000Z,2026-05-03T07:01:59.000Z,,CPO / photonics / optical,low,https://x.com/aleabitoreddit/status/2050833230736269767
657,MVRL,1,1,0,0,1,2026-01-02T13:38:33.000Z,2026-01-02T13:38:33.000Z,,CPO / photonics / optical,low,https://x.com/aleabitoreddit/status/2007084099174047817
658,MVST,1,1,0,1,0,2025-09-17T21:25:57.000Z,2025-09-17T21:25:57.000Z,,Other / unclassified,low,https://x.com/aleabitoreddit/status/1968426222578442740
659,NAKA,1,1,0,0,1,2025-09-17T21:48:35.000Z,2025-09-17T21:48:35.000Z,,Other / unclassified,low,https://x.com/aleabitoreddit/status/1968431919105966479
660,NBIS-LIGHT,1,1,0,0,1,2025-10-02T17:05:04.000Z,2025-10-02T17:05:04.000Z,,AI compute / memory / hyperscalers,low,https://x.com/aleabitoreddit/status/1973796384563474697
661,NEXT,1,1,0,0,1,2026-03-28T17:17:08.000Z,2026-03-28T17:17:08.000Z,,Other / unclassified,low,https://x.com/aleabitoreddit/status/2037942075422027868
662,NIDGY,1,1,1,0,0,2026-05-10T07:30:58.000Z,2026-05-10T07:30:58.000Z,,Other / unclassified,low,https://x.com/aleabitoreddit/status/2053377238532329611
663,NMAX,1,1,0,0,1,2025-10-19T02:56:36.000Z,2025-10-19T02:56:36.000Z,,Other / unclassified,low,https://x.com/aleabitoreddit/status/1979743457745969321
664,NNE,1,1,0,0,1,2025-10-29T15:01:11.000Z,2025-10-29T15:01:11.000Z,,Other / unclassified,low,https://x.com/aleabitoreddit/status/1983549684317815177
665,NORBT,1,1,0,1,0,2026-03-10T19:48:32.000Z,2026-03-10T19:48:32.000Z,,Western supply chain / policy funding,low,https://x.com/aleabitoreddit/status/2031457195091759114
666,NOW,1,1,0,1,0,2025-12-05T20:06:56.000Z,2025-12-05T20:06:56.000Z,,AI compute / memory / hyperscalers,low,https://x.com/aleabitoreddit/status/1997034977524121633
667,NRG,1,1,1,0,0,2026-02-15T15:48:07.000Z,2026-02-15T15:48:07.000Z,,CPO / photonics / optical,low,https://x.com/aleabitoreddit/status/2023061769313542601
668,NRGV,1,1,1,0,0,2026-02-15T15:48:07.000Z,2026-02-15T15:48:07.000Z,,CPO / photonics / optical,low,https://x.com/aleabitoreddit/status/2023061769313542601
669,NSANY,1,1,0,1,0,2026-03-10T19:48:32.000Z,2026-03-10T19:48:32.000Z,,Western supply chain / policy funding,low,https://x.com/aleabitoreddit/status/2031457195091759114
670,NTI,1,1,1,0,0,2026-01-18T18:38:48.000Z,2026-01-18T18:38:48.000Z,,CPO / photonics / optical,low,https://x.com/aleabitoreddit/status/2012957864026087525
671,NTTYY,1,1,1,0,0,2026-04-05T04:56:46.000Z,2026-04-05T04:56:46.000Z,,CPO / photonics / optical,low,https://x.com/aleabitoreddit/status/2040654858475504075
672,NTU,1,1,1,0,0,2026-03-23T07:37:02.000Z,2026-03-23T07:37:02.000Z,,Western supply chain / policy funding,low,https://x.com/aleabitoreddit/status/2035984148159164870
673,NVDA-LIKE,1,1,0,1,0,2025-11-20T10:23:51.000Z,2025-11-20T10:23:51.000Z,,AI compute / memory / hyperscalers,low,https://x.com/aleabitoreddit/status/1991452423186182524
674,NVMI,1,1,0,0,1,2026-01-22T16:21:39.000Z,2026-01-22T16:21:39.000Z,,Other / unclassified,low,https://x.com/aleabitoreddit/status/2014372900200124922
675,NXPI,1,1,0,0,1,2026-04-28T08:08:26.000Z,2026-04-28T08:08:26.000Z,,AI compute / memory / hyperscalers,low,https://x.com/aleabitoreddit/status/2049038014245175387
676,O,1,1,1,0,0,2026-03-22T03:02:15.000Z,2026-03-22T03:02:15.000Z,,Power semiconductors / 800VDC,low,https://x.com/aleabitoreddit/status/2035552610078572849
677,OCHR,1,1,0,0,1,2026-03-18T18:38:10.000Z,2026-03-18T18:38:10.000Z,,CPO / photonics / optical,low,https://x.com/aleabitoreddit/status/2034338587098194001
678,ONET,1,1,1,0,0,2026-03-22T12:13:28.000Z,2026-03-22T12:13:28.000Z,,CPO / photonics / optical,low,https://x.com/aleabitoreddit/status/2035691328382849280
679,OPTX,1,1,0,0,1,2026-01-18T12:03:54.000Z,2026-01-18T12:03:54.000Z,,Western supply chain / policy funding,low,https://x.com/aleabitoreddit/status/2012858483570336236
680,OPXS,1,1,1,0,0,2026-01-18T18:38:48.000Z,2026-01-18T18:38:48.000Z,,CPO / photonics / optical,low,https://x.com/aleabitoreddit/status/2012957864026087525
681,OXINF,1,1,1,0,0,2026-03-20T08:56:10.000Z,2026-03-20T08:56:10.000Z,,CPO / photonics / optical,low,https://x.com/aleabitoreddit/status/2034916899021365725
682,PAY.BR,1,1,0,1,0,2026-06-08T06:22:58.000Z,2026-06-08T06:22:58.000Z,,Other / unclassified,low,https://x.com/aleabitoreddit/status/2063869376542192013
683,PDD,1,1,1,0,0,2026-05-22T11:08:08.000Z,2026-05-22T11:08:08.000Z,,Power semiconductors / 800VDC,low,https://x.com/aleabitoreddit/status/2057780545292308506
684,PDY,1,1,0,1,0,2026-05-12T23:00:30.000Z,2026-05-12T23:00:30.000Z,,Other / unclassified,low,https://x.com/aleabitoreddit/status/2054335940026573222
685,PESI,1,1,1,0,0,2026-01-18T18:38:48.000Z,2026-01-18T18:38:48.000Z,,CPO / photonics / optical,low,https://x.com/aleabitoreddit/status/2012957864026087525
686,PFGC,1,1,1,0,0,2026-03-11T07:23:11.000Z,2026-03-11T07:23:11.000Z,,Western supply chain / policy funding,low,https://x.com/aleabitoreddit/status/2031632009618161879
687,PGR,1,1,1,0,0,2026-03-22T03:02:15.000Z,2026-03-22T03:02:15.000Z,,Power semiconductors / 800VDC,low,https://x.com/aleabitoreddit/status/2035552610078572849
688,PKE,1,1,1,0,0,2026-01-18T18:38:48.000Z,2026-01-18T18:38:48.000Z,,CPO / photonics / optical,low,https://x.com/aleabitoreddit/status/2012957864026087525
689,PLMR,1,1,0,0,1,2025-09-18T22:46:13.000Z,2025-09-18T22:46:13.000Z,,Other / unclassified,low,https://x.com/aleabitoreddit/status/1968808809322742219
690,PLUG,1,1,0,0,1,2025-09-18T15:45:52.000Z,2025-09-18T15:45:52.000Z,,Other / unclassified,low,https://x.com/aleabitoreddit/status/1968703024836035036
691,QBUT,1,1,0,1,0,2025-11-07T19:46:59.000Z,2025-11-07T19:46:59.000Z,,Valuation / risk / trading behavior,low,https://x.com/aleabitoreddit/status/1986883096692830292
692,RELY,1,1,0,0,1,2025-10-07T00:03:57.000Z,2025-10-07T00:03:57.000Z,,Valuation / risk / trading behavior,low,https://x.com/aleabitoreddit/status/1975351353485762570
693,RIVN,1,1,0,0,1,2025-09-28T22:37:38.000Z,2025-09-28T22:37:38.000Z,,Valuation / risk / trading behavior,low,https://x.com/aleabitoreddit/status/1972430526951883184
694,ROOT,1,1,0,0,1,2025-10-06T06:32:48.000Z,2025-10-06T06:32:48.000Z,,Other / unclassified,low,https://x.com/aleabitoreddit/status/1975086821160935432
695,RPBPF,1,1,0,0,1,2026-02-17T10:33:45.000Z,2026-02-17T10:33:45.000Z,,Other / unclassified,low,https://x.com/aleabitoreddit/status/2023707434137850006
696,RPI.L,1,1,0,0,1,2026-02-16T16:52:45.000Z,2026-02-16T16:52:45.000Z,,Other / unclassified,low,https://x.com/aleabitoreddit/status/2023440422933328048
697,RRX,1,1,0,1,0,2026-01-16T07:57:59.000Z,2026-01-16T07:57:59.000Z,,Power semiconductors / 800VDC,low,https://x.com/aleabitoreddit/status/2012071822481900030
698,RUT,1,1,1,0,0,2026-02-01T11:14:21.000Z,2026-02-01T11:14:21.000Z,,Power semiconductors / 800VDC,low,https://x.com/aleabitoreddit/status/2017919446296437037
699,SAABF,1,1,0,1,0,2026-03-10T19:48:32.000Z,2026-03-10T19:48:32.000Z,,Western supply chain / policy funding,low,https://x.com/aleabitoreddit/status/2031457195091759114
700,SAFRY,1,1,1,0,0,2026-04-05T04:56:46.000Z,2026-04-05T04:56:46.000Z,,CPO / photonics / optical,low,https://x.com/aleabitoreddit/status/2040654858475504075
701,SATL,1,1,1,0,0,2026-03-24T06:29:34.000Z,2026-03-24T06:29:34.000Z,,CPO / photonics / optical,low,https://x.com/aleabitoreddit/status/2036329557444403424
702,SBET,1,1,0,1,0,2025-11-19T12:09:58.000Z,2025-11-19T12:09:58.000Z,,Power semiconductors / 800VDC,low,https://x.com/aleabitoreddit/status/1991116739577307184
703,SCCO,1,1,0,0,1,2026-01-23T22:49:34.000Z,2026-01-23T22:49:34.000Z,,CPO / photonics / optical,low,https://x.com/aleabitoreddit/status/2014832912987038078
704,SCHW,1,1,0,1,0,2026-05-08T09:18:44.000Z,2026-05-08T09:18:44.000Z,,CPO / photonics / optical,low,https://x.com/aleabitoreddit/status/2052679583892426925
705,SDNK,1,1,0,0,1,2025-11-14T05:03:34.000Z,2025-11-14T05:03:34.000Z,,AI compute / memory / hyperscalers,low,https://x.com/aleabitoreddit/status/1989197492546859045
706,SEDG,1,1,0,1,0,2026-06-08T06:22:58.000Z,2026-06-08T06:22:58.000Z,,Other / unclassified,low,https://x.com/aleabitoreddit/status/2063869376542192013
707,SEIGY,1,1,1,0,0,2026-04-20T18:57:12.000Z,2026-04-20T18:57:12.000Z,,CPO / photonics / optical,low,https://x.com/aleabitoreddit/status/2046302180001673341
708,SERV,1,1,0,1,0,2026-05-12T23:00:30.000Z,2026-05-12T23:00:30.000Z,,Other / unclassified,low,https://x.com/aleabitoreddit/status/2054335940026573222
709,SGBAF,1,1,1,0,0,2026-04-05T04:56:46.000Z,2026-04-05T04:56:46.000Z,,CPO / photonics / optical,low,https://x.com/aleabitoreddit/status/2040654858475504075
710,SHA.DE,1,1,0,1,0,2026-05-12T23:00:30.000Z,2026-05-12T23:00:30.000Z,,Other / unclassified,low,https://x.com/aleabitoreddit/status/2054335940026573222
711,SHA0,1,1,0,1,0,2026-06-28T09:32:04.000Z,2026-06-28T09:32:04.000Z,,AI compute / memory / hyperscalers,low,https://x.com/aleabitoreddit/status/2071164721299112316
712,SHMN,1,1,1,0,0,2026-03-13T21:59:20.000Z,2026-03-13T21:59:20.000Z,,CPO / photonics / optical,low,https://x.com/aleabitoreddit/status/2032577275439485080
713,SILC,1,1,0,0,1,2026-02-09T19:33:18.000Z,2026-02-09T19:33:18.000Z,,Other / unclassified,low,https://x.com/aleabitoreddit/status/2020944111654797382
714,SILEX,1,1,1,0,0,2026-07-06T09:29:29.000Z,2026-07-06T09:29:29.000Z,,CPO / photonics / optical,low,https://x.com/aleabitoreddit/status/2074063175293809150
715,SIV,1,1,0,0,1,2026-03-16T13:38:59.000Z,2026-03-16T13:38:59.000Z,,CPO / photonics / optical,low,https://x.com/aleabitoreddit/status/2033538523081666708
716,SIVE-,1,1,0,1,0,2026-03-25T09:12:28.000Z,2026-03-25T09:12:28.000Z,,CPO / photonics / optical,low,https://x.com/aleabitoreddit/status/2036732940064080007
717,SKC,1,1,0,0,1,2026-01-02T13:38:33.000Z,2026-01-02T13:38:33.000Z,,CPO / photonics / optical,low,https://x.com/aleabitoreddit/status/2007084099174047817
718,SKHYV,1,1,0,1,0,2026-07-10T16:01:02.000Z,2026-07-10T16:01:02.000Z,,Other / unclassified,low,https://x.com/aleabitoreddit/status/2075611260771852590
719,SKPJF,1,1,1,0,0,2026-04-05T04:56:46.000Z,2026-04-05T04:56:46.000Z,,CPO / photonics / optical,low,https://x.com/aleabitoreddit/status/2040654858475504075
720,SKY,1,1,0,1,0,2026-01-20T08:20:27.000Z,2026-01-20T08:20:27.000Z,,Power semiconductors / 800VDC,low,https://x.com/aleabitoreddit/status/2013527028318846987
721,SLVC,1,1,1,0,0,2026-03-24T02:09:07.000Z,2026-03-24T02:09:07.000Z,,Western supply chain / policy funding,low,https://x.com/aleabitoreddit/status/2036264013370368378
722,SMH,1,1,1,0,0,2026-04-08T04:49:05.000Z,2026-04-08T04:49:05.000Z,,Valuation / risk / trading behavior,low,https://x.com/aleabitoreddit/status/2041740090691698750
723,SMHSF,1,1,1,0,0,2026-05-10T07:30:58.000Z,2026-05-10T07:30:58.000Z,,Other / unclassified,low,https://x.com/aleabitoreddit/status/2053377238532329611
724,SMR,1,1,0,1,0,2025-10-15T12:13:51.000Z,2025-10-15T12:13:51.000Z,,Other / unclassified,low,https://x.com/aleabitoreddit/status/1978434143043084737
725,SNDK-STYLE,1,1,0,0,1,2026-02-27T20:36:05.000Z,2026-02-27T20:36:05.000Z,,Valuation / risk / trading behavior,low,https://x.com/aleabitoreddit/status/2027482896471364043
726,SO,1,1,1,0,0,2026-03-22T03:02:15.000Z,2026-03-22T03:02:15.000Z,,Power semiconductors / 800VDC,low,https://x.com/aleabitoreddit/status/2035552610078572849
727,SOLV,1,1,0,0,1,2026-01-27T12:41:04.000Z,2026-01-27T12:41:04.000Z,,Other / unclassified,low,https://x.com/aleabitoreddit/status/2016129326824227195
728,SOLZ,1,1,1,0,0,2026-01-30T15:45:18.000Z,2026-01-30T15:45:18.000Z,,Other / unclassified,low,https://x.com/aleabitoreddit/status/2017262857017258345
729,SONY,1,1,0,0,1,2026-03-23T01:31:13.000Z,2026-03-23T01:31:13.000Z,,Western supply chain / policy funding,low,https://x.com/aleabitoreddit/status/2035892086181155327
730,SOUN,1,1,0,0,1,2026-01-14T07:21:40.000Z,2026-01-14T07:21:40.000Z,,Valuation / risk / trading behavior,low,https://x.com/aleabitoreddit/status/2011337908117258489
731,SOXL,1,1,1,0,0,2026-06-23T15:42:09.000Z,2026-06-23T15:42:09.000Z,,Other / unclassified,low,https://x.com/aleabitoreddit/status/2069445918114697463
732,SPXC,1,1,0,1,0,2026-04-22T19:12:29.000Z,2026-04-22T19:12:29.000Z,,Western supply chain / policy funding,low,https://x.com/aleabitoreddit/status/2047030798554132901
733,SRPT,1,1,0,0,1,2025-07-03T09:57:16.000Z,2025-07-03T09:57:16.000Z,,Other / unclassified,low,https://x.com/aleabitoreddit/status/1940711432397684953
734,STNG,1,1,1,0,0,2026-02-28T06:52:04.000Z,2026-02-28T06:52:04.000Z,,Valuation / risk / trading behavior,low,https://x.com/aleabitoreddit/status/2027637911097839997
735,STZ,1,1,0,0,1,2025-09-10T12:00:51.000Z,2025-09-10T12:00:51.000Z,,Other / unclassified,low,https://x.com/aleabitoreddit/status/1965747293262663991
736,SU,1,1,0,0,1,2026-01-03T15:23:20.000Z,2026-01-03T15:23:20.000Z,,Other / unclassified,low,https://x.com/aleabitoreddit/status/2007472856574373893
737,SWGAY,1,1,1,0,0,2026-05-12T04:29:04.000Z,2026-05-12T04:29:04.000Z,,Other / unclassified,low,https://x.com/aleabitoreddit/status/2054056239349539206
738,SYAAF,1,1,1,0,0,2026-01-26T15:14:41.000Z,2026-01-26T15:14:41.000Z,,Western supply chain / policy funding,low,https://x.com/aleabitoreddit/status/2015805598265479518
739,SYK,1,1,0,0,1,2026-01-18T13:52:00.000Z,2026-01-18T13:52:00.000Z,,Power semiconductors / 800VDC,low,https://x.com/aleabitoreddit/status/2012885690007310390
740,SYR,1,1,1,0,0,2026-03-23T07:37:02.000Z,2026-03-23T07:37:02.000Z,,Western supply chain / policy funding,low,https://x.com/aleabitoreddit/status/2035984148159164870
741,SYY,1,1,1,0,0,2026-03-11T07:23:11.000Z,2026-03-11T07:23:11.000Z,,Western supply chain / policy funding,low,https://x.com/aleabitoreddit/status/2031632009618161879
742,T,1,1,1,0,0,2026-03-22T03:02:15.000Z,2026-03-22T03:02:15.000Z,,Power semiconductors / 800VDC,low,https://x.com/aleabitoreddit/status/2035552610078572849
743,TAYD,1,1,1,0,0,2026-01-18T18:38:48.000Z,2026-01-18T18:38:48.000Z,,CPO / photonics / optical,low,https://x.com/aleabitoreddit/status/2012957864026087525
744,TDW,1,1,0,1,0,2026-01-04T03:06:30.000Z,2026-01-04T03:06:30.000Z,,Power semiconductors / 800VDC,low,https://x.com/aleabitoreddit/status/2007649811621880238
745,TIGR,1,1,1,0,0,2026-05-22T11:08:08.000Z,2026-05-22T11:08:08.000Z,,Power semiconductors / 800VDC,low,https://x.com/aleabitoreddit/status/2057780545292308506
746,TOWCF,1,1,0,1,0,2026-04-30T00:25:10.000Z,2026-04-30T00:25:10.000Z,,AI compute / memory / hyperscalers,low,https://x.com/aleabitoreddit/status/2049646205039522009
747,TSE,1,1,0,0,1,2026-03-02T09:40:39.000Z,2026-03-02T09:40:39.000Z,,Other / unclassified,low,https://x.com/aleabitoreddit/status/2028405114076328344
748,TSLA-STYLE,1,1,1,0,0,2026-03-07T10:58:09.000Z,2026-03-07T10:58:09.000Z,,Western supply chain / policy funding,low,https://x.com/aleabitoreddit/status/2030236553708966027
749,TWLO,1,1,0,0,1,2026-02-18T00:50:51.000Z,2026-02-18T00:50:51.000Z,,Other / unclassified,low,https://x.com/aleabitoreddit/status/2023923131459723342
750,TXN,1,1,1,0,0,2026-04-22T18:27:07.000Z,2026-04-22T18:27:07.000Z,,Power semiconductors / 800VDC,low,https://x.com/aleabitoreddit/status/2047019381637677061
751,UHR,1,1,1,0,0,2026-05-12T04:29:04.000Z,2026-05-12T04:29:04.000Z,,Other / unclassified,low,https://x.com/aleabitoreddit/status/2054056239349539206
752,ULBI,1,1,0,0,1,2026-01-12T10:30:20.000Z,2026-01-12T10:30:20.000Z,,Valuation / risk / trading behavior,low,https://x.com/aleabitoreddit/status/2010660608660959717
753,USAR-,1,1,1,0,0,2026-03-23T07:37:02.000Z,2026-03-23T07:37:02.000Z,,Western supply chain / policy funding,low,https://x.com/aleabitoreddit/status/2035984148159164870
754,USDT,1,1,0,0,1,2025-11-20T14:16:34.000Z,2025-11-20T14:16:34.000Z,,Valuation / risk / trading behavior,low,https://x.com/aleabitoreddit/status/1991510988869496851
755,USFD,1,1,1,0,0,2026-03-11T07:23:11.000Z,2026-03-11T07:23:11.000Z,,Western supply chain / policy funding,low,https://x.com/aleabitoreddit/status/2031632009618161879
756,UTES,1,1,0,0,1,2026-02-23T08:15:25.000Z,2026-02-23T08:15:25.000Z,,Other / unclassified,low,https://x.com/aleabitoreddit/status/2025846946313986120
757,UURAF-,1,1,1,0,0,2026-03-23T07:37:02.000Z,2026-03-23T07:37:02.000Z,,Western supply chain / policy funding,low,https://x.com/aleabitoreddit/status/2035984148159164870
758,VGK,1,1,1,0,0,2026-02-01T11:14:21.000Z,2026-02-01T11:14:21.000Z,,Power semiconductors / 800VDC,low,https://x.com/aleabitoreddit/status/2017919446296437037
759,VGP,1,1,0,0,1,2026-01-16T22:44:25.000Z,2026-01-16T22:44:25.000Z,,Other / unclassified,low,https://x.com/aleabitoreddit/status/2012294901694681525
760,VLH,1,1,0,0,1,2026-01-20T17:43:02.000Z,2026-01-20T17:43:02.000Z,,Other / unclassified,low,https://x.com/aleabitoreddit/status/2013668604022083930
761,VLN.TO,1,1,0,0,1,2026-01-09T19:26:45.000Z,2026-01-09T19:26:45.000Z,,Valuation / risk / trading behavior,low,https://x.com/aleabitoreddit/status/2009708441573707876
762,VMI,1,1,0,1,0,2026-04-22T19:12:29.000Z,2026-04-22T19:12:29.000Z,,Western supply chain / policy funding,low,https://x.com/aleabitoreddit/status/2047030798554132901
763,VNP.TO,1,1,1,0,0,2026-01-18T18:38:48.000Z,2026-01-18T18:38:48.000Z,,CPO / photonics / optical,low,https://x.com/aleabitoreddit/status/2012957864026087525
764,VREX,1,1,1,0,0,2026-01-18T18:38:48.000Z,2026-01-18T18:38:48.000Z,,CPO / photonics / optical,low,https://x.com/aleabitoreddit/status/2012957864026087525
765,VSAT,1,1,1,0,0,2026-04-05T04:56:46.000Z,2026-04-05T04:56:46.000Z,,CPO / photonics / optical,low,https://x.com/aleabitoreddit/status/2040654858475504075
766,VVST,1,1,0,0,1,2026-02-19T19:15:10.000Z,2026-02-19T19:15:10.000Z,,Western supply chain / policy funding,low,https://x.com/aleabitoreddit/status/2024563428220940628
767,VZ,1,1,1,0,0,2026-03-22T03:02:15.000Z,2026-03-22T03:02:15.000Z,,Power semiconductors / 800VDC,low,https://x.com/aleabitoreddit/status/2035552610078572849
768,WBIS,1,1,0,0,1,2025-09-29T02:43:51.000Z,2025-09-29T02:43:51.000Z,,Western supply chain / policy funding,low,https://x.com/aleabitoreddit/status/1972492491770524031
769,WFC,1,1,1,0,0,2026-03-22T03:02:15.000Z,2026-03-22T03:02:15.000Z,,Power semiconductors / 800VDC,low,https://x.com/aleabitoreddit/status/2035552610078572849
770,WLFI,1,1,0,0,1,2026-04-16T23:25:21.000Z,2026-04-16T23:25:21.000Z,,Other / unclassified,low,https://x.com/aleabitoreddit/status/2044920109966434722
771,WMB,1,1,1,0,0,2026-02-15T15:48:07.000Z,2026-02-15T15:48:07.000Z,,CPO / photonics / optical,low,https://x.com/aleabitoreddit/status/2023061769313542601
772,WTI,1,1,0,0,1,2026-02-19T03:23:19.000Z,2026-02-19T03:23:19.000Z,,Other / unclassified,low,https://x.com/aleabitoreddit/status/2024323887375466880
773,WWR,1,1,0,1,0,2025-10-10T03:06:48.000Z,2025-10-10T03:06:48.000Z,,Other / unclassified,low,https://x.com/aleabitoreddit/status/1976484532326105414
774,X,1,1,0,0,1,2025-11-27T13:21:29.000Z,2025-11-27T13:21:29.000Z,,Other / unclassified,low,https://x.com/aleabitoreddit/status/1994033842219569324
775,XBOT,1,1,0,1,0,2026-05-12T23:00:30.000Z,2026-05-12T23:00:30.000Z,,Other / unclassified,low,https://x.com/aleabitoreddit/status/2054335940026573222
776,XLS,1,1,1,0,0,2026-02-19T03:16:29.000Z,2026-02-19T03:16:29.000Z,,CPO / photonics / optical,low,https://x.com/aleabitoreddit/status/2024322169376035019
777,XUSS,1,1,1,0,0,2025-09-23T20:48:49.000Z,2025-09-23T20:48:49.000Z,,Western supply chain / policy funding,low,https://x.com/aleabitoreddit/status/1970591203994513567
778,ZBH,1,1,0,0,1,2026-01-18T13:52:00.000Z,2026-01-18T13:52:00.000Z,,Power semiconductors / 800VDC,low,https://x.com/aleabitoreddit/status/2012885690007310390
779,ZBRA,1,1,0,1,0,2026-05-12T23:00:30.000Z,2026-05-12T23:00:30.000Z,,Other / unclassified,low,https://x.com/aleabitoreddit/status/2054335940026573222
780,ZEC,1,1,0,0,1,2025-11-09T23:10:53.000Z,2025-11-09T23:10:53.000Z,,Other / unclassified,low,https://x.com/aleabitoreddit/status/1987659186923262350
781,ZW,1,1,1,0,0,2025-09-18T06:11:11.000Z,2025-09-18T06:11:11.000Z,,Other / unclassified,low,https://x.com/aleabitoreddit/status/1968558402344292701
